"ID","Start_time","Completion_time","StudentID","SectionID","Tree_species","Accession_Acer_rubrum","Accession_Acer_saccharum","Accession_Cornus_florida","Accession_Fagus_grandifolia","Accession_Metasequoia_glyptostroboides","Accession_Ostrya_virginiana","Accession_Pinus_strobus","Accession_Platanus_occidentalis","Accession_Quercus_alba","Accession_Quercus_rubra","Accession_Ulmus_americana","Percent_color","Percent_fallen","Photo_date","Comments"
1,2021-11-15 08:43:11,2021-11-15 08:44:19,11050228,"2021-01","Platanus occidentalis",,,,,,,,"CC5484*02",,,,"15","40",2021-11-15,
2,2021-11-15 08:44:22,2021-11-15 08:45:18,11050228,"2021-01","Quercus rubra",,,,,,,,,,"89P063*03",,"100","20",2021-11-15,
3,2021-11-15 10:11:28,2021-11-15 10:15:31,40521487,"2021-01","Acer rubrum","CC2943*01",,,,,,,,,,,"0","100",2021-11-15,
4,2021-11-15 10:15:35,2021-11-15 10:16:53,40521487,"2021-01","Acer rubrum","CC2943*02",,,,,,,,,,,"0","100",2021-11-15,
5,2021-11-15 12:53:21,2021-11-15 12:54:23,94981755,"2021-01","Acer rubrum","CC6281*02",,,,,,,,,,,"60","30",2021-11-15,
6,2021-11-15 12:54:37,2021-11-15 12:55:57,94981755,"2021-01","Ulmus americana",,,,,,,,,,,"CC6283*01","100","100",2021-11-15,
7,2021-11-15 14:00:06,2021-11-15 14:03:12,77603687,"2021-01","Ulmus americana",,,,,,,,,,,"CC5459*03","100","85",2021-11-15,
8,2021-11-15 14:03:33,2021-11-15 14:05:20,77603687,"2021-01","Ostrya virginiana",,,,,,"20090257*06",,,,,,"100","70",2021-11-15,
9,2021-11-15 16:52:47,2021-11-15 16:54:05,60636759,"2021-01","Quercus rubra",,,,,,,,,,"94N379*07",,"100","30",2021-11-15,
10,2021-11-15 16:54:08,2021-11-15 16:55:20,60636759,"2021-01","Acer rubrum","20100048*09",,,,,,,,,,,"100","99",2021-11-15,
11,2021-11-16 09:29:41,2021-11-16 09:30:45,99493104,"2021-01","Platanus occidentalis",,,,,,,,"CC5484*01",,,,"30","50",2021-11-16,
12,2021-11-16 09:31:01,2021-11-16 09:31:57,99493104,"2021-01","Quercus rubra",,,,,,,,,,"89P063*08",,"100","15",2021-11-16,
13,2021-11-16 11:16:51,2021-11-16 11:17:30,64008992,"2021-01","Ulmus americana",,,,,,,,,,,"CC5425*16","100","90",2021-11-16,
14,2021-11-16 11:17:33,2021-11-16 11:18:01,64008992,"2021-01","Metasequoia glyptostroboides",,,,,"CC1126*01",,,,,,,"100","15",2021-11-16,
15,2021-11-16 11:57:49,2021-11-16 11:59:29,57472313,"2021-01","Acer saccharum",,"CC6394*01",,,,,,,,,,"100","80",2021-11-16,
16,2021-11-16 12:42:03,2021-11-16 12:43:24,76017992,"2021-01","Metasequoia glyptostroboides",,,,,"CC0074*01",,,,,,,"95","15",2021-11-16,
17,2021-11-16 12:46:25,2021-11-16 12:47:39,76017992,"2021-01","Fagus grandifolia/sylvatica",,,,"CC0139*01",,,,,,,,"98","60",2021-11-16,
18,2021-11-16 12:56:46,2021-11-16 12:58:18,35460356,"2021-01","Ostrya virginiana",,,,,,"20090257*03",,,,,,"100","40",2021-11-16,
19,2021-11-16 12:58:22,2021-11-16 12:59:45,35460356,"2021-01","Ostrya virginiana",,,,,,"20090257*04",,,,,,"100","85",2021-11-16,
20,2021-11-16 14:50:19,2021-11-16 14:52:01,57472313,"2021-01","Pinus strobus",,,,,,,"CC4639*02",,,,,"0","10",2021-11-16,
21,2021-11-16 15:02:29,2021-11-16 15:07:13,52491147,"2021-01","Cornus florida",,,"CC1402*01",,,,,,,,,"85","40",2021-11-16,
22,2021-11-16 15:07:16,2021-11-16 15:07:54,52491147,"2021-01","Metasequoia glyptostroboides",,,,,"20000146*04",,,,,,,"94","18",2021-11-16,
23,2021-11-16 15:19:30,2021-11-16 15:26:48,42286838,"2021-01","Ostrya virginiana",,,,,,"20070191*01",,,,,,"100","98",2021-11-16,
24,2021-11-16 15:26:53,2021-11-16 15:28:48,42286838,"2021-01","Acer rubrum","CC1719*02",,,,,,,,,,,"100","99",2021-11-16,
25,2021-11-16 15:49:51,2021-11-16 15:51:14,93782851,"2021-01","Fagus grandifolia/sylvatica",,,,"20130268*01",,,,,,,,"100","20",2021-11-16,"Huge difference from last week"
26,2021-11-16 15:51:17,2021-11-16 15:52:14,93782851,"2021-01","Fagus grandifolia/sylvatica",,,,"20130268*03",,,,,,,,"100","10",2021-11-16,"Bottom of the tree is orange while the top is more of a purple color"
27,2021-11-16 17:15:06,2021-11-16 17:16:37,94413020,"2021-01","Platanus occidentalis",,,,,,,,"CC0016*01",,,,"80","56",2021-11-16,
28,2021-11-16 17:16:43,2021-11-16 17:18:21,94413020,"2021-01","Quercus alba",,,,,,,,,"20050360*10",,,"100","89",2021-11-16,
29,2021-11-16 20:45:02,2021-11-16 20:47:27,62552470,"2021-01","Cornus florida",,,"CC2202*01",,,,,,,,,"100","98",2021-11-16,
30,2021-11-16 20:47:37,2021-11-16 20:49:55,62552470,"2021-01","Ostrya virginiana",,,,,,"20110263*01",,,,,,"100","98",2021-11-16,
31,2021-11-17 00:44:35,2021-11-17 00:47:34,13743740,"2021-01","Fagus grandifolia/sylvatica",,,,"CC1245*01",,,,,,,,"70","30",2021-11-17,
32,2021-11-17 00:47:38,2021-11-17 00:48:08,13743740,"2021-01","Ulmus americana",,,,,,,,,,,"CC4656*01","100","100",2021-11-17,
33,2021-11-17 00:54:05,2021-11-17 00:58:42,70208232,"2021-01","Ulmus americana",,,,,,,,,,,"CC6546*02","95","60",2021-11-15,
34,2021-11-17 00:58:45,2021-11-17 01:00:58,70208232,"2021-01","Platanus occidentalis",,,,,,,,"CC5484*03",,,,"20","20",2021-11-15,
35,2021-11-17 09:07:37,2021-11-17 09:08:43,63084325,"2021-01","Platanus occidentalis",,,,,,,,"CC0016*01",,,,"60","15",2021-11-15,
36,2021-11-17 09:08:47,2021-11-17 09:09:31,63084325,"2021-01","Ulmus americana",,,,,,,,,,,"CC4653*01","100","90",2021-11-15,
37,2021-11-17 10:58:51,2021-11-17 11:00:02,45315418,"2021-01","Ostrya virginiana",,,,,,"20110263*01",,,,,,"100","99.7",2021-11-17,
38,2021-11-17 11:00:05,2021-11-17 11:01:18,45315418,"2021-01","Cornus florida",,,"CC1849*01",,,,,,,,,"100","100",2021-11-17,
39,2021-11-17 11:02:46,2021-11-17 11:03:27,85915497,"2021-01","Acer rubrum","CC2943*03",,,,,,,,,,,"0","100",2021-11-17,
40,2021-11-17 11:03:32,2021-11-17 11:04:00,85915497,"2021-01","Pinus strobus",,,,,,,"98P136*01",,,,,"0","20",2021-11-16,
41,2021-11-17 11:43:09,2021-11-17 11:44:27,76121528,"2021-01","Ostrya virginiana",,,,,,"20070191*04",,,,,,"100","100",2021-11-17,
42,2021-11-17 12:20:08,2021-11-17 12:20:48,98837050,"2021-01","Pinus strobus",,,,,,,"CC4639*01",,,,,"10","5",2021-11-17,
43,2021-11-17 12:20:51,2021-11-17 12:21:30,98837050,"2021-01","Ostrya virginiana",,,,,,"CC1320*01",,,,,,"1","70",2021-11-17,
44,2021-11-17 12:56:54,2021-11-17 12:57:41,41851195,"2021-01","Acer saccharum",,"CC4333*01",,,,,,,,,,"100","99",2021-11-10,
45,2021-11-17 12:57:50,2021-11-17 12:58:11,41851195,"2021-01","Cornus florida",,,"CC0364*01",,,,,,,,,"100","99",2021-11-10,
46,2021-11-17 13:20:38,2021-11-17 13:21:25,76121528,"2021-01","Ulmus americana",,,,,,,,,,,"CC6249*01","100","75",2021-11-17,
47,2021-11-17 13:25:33,2021-11-17 13:26:17,76600070,"2021-01","Acer saccharum",,"CC6259*04",,,,,,,,,,"100","95",2021-11-17,
48,2021-11-17 13:26:20,2021-11-17 13:27:05,76600070,"2021-01","Cornus florida",,,"CC1720*02",,,,,,,,,"100","90",2021-11-17,
49,2021-11-17 13:56:08,2021-11-17 13:57:40,87211469,"2021-01","Quercus alba",,,,,,,,,"CC4955*01",,,"100","80",2021-11-17,
50,2021-11-17 13:57:43,2021-11-17 13:58:36,87211469,"2021-01","Ulmus americana",,,,,,,,,,,"CC5459*02","100","80",2021-11-17,
51,2021-11-17 14:44:42,2021-11-17 14:45:34,76153411,"2021-01","Ostrya virginiana",,,,,,"20070191*02",,,,,,"100","90",2021-11-17,
52,2021-11-17 14:45:37,2021-11-17 14:46:17,76153411,"2021-01","Platanus occidentalis",,,,,,,,"CC5484*05",,,,"65","51",2021-11-17,
53,2021-11-17 14:53:28,2021-11-17 14:55:10,77820880,"2021-01","Fagus grandifolia/sylvatica",,,,"CC6328*01",,,,,,,,"100","94",2021-11-17,
54,2021-11-17 14:55:15,2021-11-17 14:59:42,77820880,"2021-01","Acer rubrum","CC6341*01",,,,,,,,,,,"100","78",2021-11-17,
55,2021-11-17 15:11:52,2021-11-17 15:12:06,88073756,"2021-01","Ulmus americana",,,,,,,,,,,"CC6405*01","100","93",2021-11-16,
56,2021-11-17 15:16:04,2021-11-17 15:16:42,88073756,"2021-01","Acer saccharum",,"CC6259*02",,,,,,,,,,"100","90",2021-11-16,
57,2021-11-17 15:17:54,2021-11-17 15:18:30,51989103,"2021-01","Acer rubrum","CC2943*02",,,,,,,,,,,"100","100",2021-11-17,
58,2021-11-17 15:23:54,2021-11-17 15:24:19,51989103,"2021-01","Cornus florida",,,"CC2938*01",,,,,,,,,"80","40",2021-11-17,
59,2021-11-17 16:32:55,2021-11-17 16:33:54,72672019,"2021-01","Ulmus americana",,,,,,,,,,,"CC5425*16","99","95",2021-11-17,
60,2021-11-17 16:33:58,2021-11-17 16:34:51,72672019,"2021-01","Ostrya virginiana",,,,,,"20070191*03",,,,,,"100","98",2021-11-17,
61,2021-11-18 01:37:24,2021-11-18 01:38:08,86255287,"2021-01","Ostrya virginiana",,,,,,"20110263*01",,,,,,"100","97",2021-11-18,
62,2021-11-18 01:38:11,2021-11-18 01:38:49,86255287,"2021-01","Cornus florida",,,"CC1849*01",,,,,,,,,"100","100",2021-11-18,
63,2021-11-18 11:12:31,2021-11-18 11:13:35,95134904,"2021-01","Ostrya virginiana",,,,,,"20090303*05",,,,,,"100","99",2021-11-18,"N/A"
64,2021-11-18 11:23:15,2021-11-18 11:25:49,95134904,"2021-01","Quercus alba",,,,,,,,,"CC0234*01",,,"100","35",2021-11-18,"N/A"
65,2021-11-18 12:09:16,2021-11-18 12:09:52,42730078,"2021-01","Metasequoia glyptostroboides",,,,,"20080508*01",,,,,,,"100","16",2021-11-18,
66,2021-11-18 12:09:57,2021-11-18 12:10:26,42730078,"2021-01","Platanus occidentalis",,,,,,,,"CC2662*02",,,,"100","55",2021-11-18,
67,2021-11-18 14:50:11,2021-11-18 14:51:04,25451044,"2021-01","Quercus rubra",,,,,,,,,,"89P063*03",,"100","50",2021-11-18,
68,2021-11-18 14:51:10,2021-11-18 14:51:51,25451044,"2021-01","Fagus grandifolia/sylvatica",,,,"CC1623*01",,,,,,,,"100","70",2021-11-18,
69,2021-11-18 15:07:31,2021-11-18 15:08:46,65906627,"2021-01","Cornus florida",,,"20110608*01",,,,,,,,,"100","45",2021-11-15,
70,2021-11-18 15:08:50,2021-11-18 15:10:57,65906627,"2021-01","Ulmus americana",,,,,,,,,,,"CC4656*01","100","98",2021-11-15,
71,2021-11-18 16:17:02,2021-11-18 16:17:59,64562787,"2021-01","Cornus florida",,,"CC2202*01",,,,,,,,,"2","98",2021-11-17,
72,2021-11-18 16:17:53,2021-11-18 16:18:40,52503168,"2021-01","Metasequoia glyptostroboides",,,,,"20080508*03",,,,,,,"100","45",2021-11-18,"Itâ€™s getting really cold so leaves are starting to fall more and more"
73,2021-11-18 16:18:43,2021-11-18 16:19:23,52503168,"2021-01","Metasequoia glyptostroboides",,,,,"CC0357*01",,,,,,,"100","0",2021-11-18,
74,2021-11-18 16:18:03,2021-11-18 16:21:35,64562787,"2021-01","Quercus alba",,,,,,,,,"CC4955*02",,,"100","15",2021-11-16,
75,2021-11-18 17:01:39,2021-11-18 17:02:37,39637426,"2021-01","Cornus florida",,,"CC2202*01",,,,,,,,,"100","95",2021-11-17,
76,2021-11-18 17:02:52,2021-11-18 17:03:39,39637426,"2021-01","Cornus florida",,,"CC1849*01",,,,,,,,,"100","100",2021-11-17,
77,2021-11-18 19:37:49,2021-11-18 19:43:21,86941581,"2021-01","Acer rubrum","CC2943*01",,,,,,,,,,,"100","100",2021-11-17,
78,2021-11-18 19:43:24,2021-11-18 19:44:16,86941581,"2021-01","Cornus florida",,,"CC2938*01",,,,,,,,,"100","17",2021-11-17,
79,2021-11-18 20:15:01,2021-11-18 20:17:28,57811900,"2021-01","Pinus strobus",,,,,,,"CC4676*03",,,,,"15","5",2021-11-17,
80,2021-11-18 20:17:32,2021-11-18 20:21:11,57811900,"2021-01","Ulmus americana",,,,,,,,,,,"CC6546*02","100","25",2021-11-17,
81,2021-11-18 20:27:42,2021-11-18 20:31:07,45806619,"2021-01","Ulmus americana",,,,,,,,,,,"CC6859*01","100","98",2021-11-18,
82,2021-11-18 20:31:10,2021-11-18 20:31:48,45806619,"2021-01","Quercus alba",,,,,,,,,"CC4955*02",,,"100","30",2021-11-18,
83,2021-11-18 22:08:03,2021-11-18 22:11:17,93503329,"2021-01","Ostrya virginiana",,,,,,"20090257*07",,,,,,"100","75",2021-11-18,
84,2021-11-18 22:11:21,2021-11-18 22:12:27,93503329,"2021-01","Quercus rubra",,,,,,,,,,"94N379*17",,"100","80",2021-11-18,
85,2021-11-18 22:43:10,2021-11-18 22:45:05,26909167,"2021-01","Pinus strobus",,,,,,,"CC5067*01",,,,,"0","0",2021-11-18,
86,2021-11-18 22:45:08,2021-11-18 22:46:18,26909167,"2021-01","Quercus alba",,,,,,,,,"CC4955*01",,,"100","80",2021-11-18,
87,2021-11-19 01:30:37,2021-11-19 01:32:29,65328786,"2021-01","Ulmus americana",,,,,,,,,,,"CC5459*02","100","50",2021-11-18,
88,2021-11-19 01:32:34,2021-11-19 01:33:26,65328786,"2021-01","Cornus florida",,,"CC6272*01",,,,,,,,,"100","99.9",2021-11-19,
89,2021-11-19 08:39:08,2021-11-19 08:41:06,13495716,"2021-01","Fagus grandifolia/sylvatica",,,,"CC0242*01",,,,,,,,"95","75",2021-11-18,
90,2021-11-19 08:42:21,2021-11-19 08:45:03,13495716,"2021-01","Pinus strobus",,,,,,,"CC4636*02",,,,,"5","5",2021-11-18,
91,2021-11-19 09:44:06,2021-11-19 09:47:05,91987330,"2021-01","Pinus strobus",,,,,,,"CC4639*02",,,,,"35","40",2021-11-18,
92,2021-11-19 09:47:21,2021-11-19 09:48:12,91987330,"2021-01","Ostrya virginiana",,,,,,"CC1648*01",,,,,,"100","99",2021-11-18,
93,2021-11-19 10:33:52,2021-11-19 10:34:38,69512797,"2021-01","Acer rubrum","CC6281*01",,,,,,,,,,,"100","99",2021-11-19,
94,2021-11-19 10:34:41,2021-11-19 10:35:24,69512797,"2021-01","Fagus grandifolia/sylvatica",,,,"CC6328*01",,,,,,,,"99","85",2021-11-19,
95,2021-11-19 11:14:07,2021-11-19 11:19:26,35982288,"2021-01","Quercus alba",,,,,,,,,"CC0383*01",,,"0","40",2021-11-19,
96,2021-11-19 11:19:40,2021-11-19 11:21:25,35982288,"2021-01","Quercus rubra",,,,,,,,,,"20090665*02",,"100","46",2021-11-19,
97,2021-11-19 11:20:16,2021-11-19 11:21:56,80849370,"2021-01","Acer rubrum","CC6281*01",,,,,,,,,,,"100","97",2021-11-18,
98,2021-11-19 11:29:59,2021-11-19 11:32:59,63644627,"2021-01","Pinus strobus",,,,,,,"CC6484*01",,,,,"0","1",2021-11-18,"There doesn't seem to be much of a difference for the past few weeks."
99,2021-11-19 11:33:01,2021-11-19 11:34:22,63644627,"2021-01","Metasequoia glyptostroboides",,,,,"20060244*12",,,,,,,"100","75",2021-11-18,"The tree is most likely going to lose all of its leaves by the next 2 weeks."
100,2021-11-19 11:29:23,2021-11-19 11:37:50,10215756,"2021-01","Cornus florida",,,"CC0549*01",,,,,,,,,"5","95",2021-11-19,
101,2021-11-19 11:38:08,2021-11-19 11:39:12,10215756,"2021-02","Platanus occidentalis",,,,,,,,"CC0597*01",,,,"80","20",2021-11-19,
102,2021-11-19 12:46:04,2021-11-19 12:50:22,26128286,"2021-01","Acer saccharum",,"CC4423*01",,,,,,,,,,"100","99",2021-11-19,
103,2021-11-19 12:50:25,2021-11-19 12:51:03,26128286,"2021-01","Ulmus americana",,,,,,,,,,,"CC5459*03","100","100",2021-11-19,
104,2021-11-19 13:15:59,2021-11-19 13:17:03,14880982,"2021-01","Quercus alba",,,,,,,,,"CC4326*01",,,"100","10",2021-11-19,
105,2021-11-19 13:17:06,2021-11-19 13:17:50,14880982,"2021-01","Pinus strobus",,,,,,,"CC4676*02",,,,,"0","0",2021-11-19,
106,2021-11-19 14:35:35,2021-11-19 14:37:37,10204401,"2021-01","Pinus strobus",,,,,,,"CC4676*04",,,,,"0","0",2021-11-19,
107,2021-11-19 14:37:43,2021-11-19 14:41:04,10204401,"2021-01","Platanus occidentalis",,,,,,,,"CC6694*03",,,,"0","25",2021-11-19,
108,2021-11-19 16:07:25,2021-11-19 16:08:21,55678222,"2021-01","Ostrya virginiana",,,,,,"20070191*03",,,,,,"0","100",2021-11-19,
109,2021-11-19 16:08:24,2021-11-19 16:09:16,55678222,"2021-01","Acer rubrum","20100048*13",,,,,,,,,,,"0","100",2021-11-19,
110,2021-11-19 16:28:35,2021-11-19 16:31:05,73080771,"2021-01","Acer saccharum",,"CC6259*01",,,,,,,,,,"100","90",2021-11-19,
111,2021-11-19 19:11:42,2021-11-19 19:13:47,15855943,"2021-01","Quercus alba",,,,,,,,,"CC0239*01",,,"100","95",2021-11-19,
112,2021-11-19 19:13:51,2021-11-19 19:14:48,15855943,"2021-01","Acer saccharum",,"CC6259*03",,,,,,,,,,"100","97",2021-11-19,
113,2021-11-19 23:35:18,2021-11-19 23:40:37,38152970,"2021-01","Acer rubrum","CC2943*03",,,,,,,,,,,"0","0",2021-11-19,
114,2021-11-19 23:40:41,2021-11-19 23:41:40,38152970,"2021-01","Pinus strobus",,,,,,,"98P136*01",,,,,"0","0",2021-11-19,
115,2021-11-20 01:34:11,2021-11-20 01:34:29,31206755,"2021-01","Quercus alba",,,,,,,,,"CC6390*01",,,"100","100",2021-11-19,
116,2021-11-20 01:34:33,2021-11-20 01:35:08,31206755,"2021-01","Acer saccharum",,"CC6403*01",,,,,,,,,,"100","100",2021-11-19,
117,2021-11-20 12:32:58,2021-11-20 12:37:41,58910371,"2021-01","Cornus florida",,,"CC2202*01",,,,,,,,,"100","95",2021-11-20,
118,2021-11-20 12:37:45,2021-11-20 12:49:04,58910371,"2021-01","Acer rubrum","CC8185*03",,,,,,,,,,,"100","95",2021-11-20,
119,2021-11-20 13:02:29,2021-11-20 13:05:44,46063229,"2021-01","Acer saccharum",,"CC4333*01",,,,,,,,,,"100","100",2021-11-15,
120,2021-11-20 13:05:55,2021-11-20 13:06:34,46063229,"2021-01","Cornus florida",,,"CC0549*01",,,,,,,,,"100","50",2021-11-15,
121,2021-11-20 15:35:04,2021-11-20 15:38:19,36911567,"2021-01","Cornus florida",,,"CC1741*01",,,,,,,,,"0","100",2021-11-20,
122,2021-11-20 15:38:25,2021-11-20 15:56:38,36911567,"2021-01","Metasequoia glyptostroboides",,,,,"CC0074*01",,,,,,,"100","0",2021-11-20,
123,2021-11-20 16:29:29,2021-11-20 16:30:15,44922309,"2021-01","Acer rubrum","CC2943*03",,,,,,,,,,,"100","95",2021-11-20,
124,2021-11-20 16:30:18,2021-11-20 16:30:53,44922309,"2021-01","Ostrya virginiana",,,,,,"20070191*04",,,,,,"100","90",2021-11-20,
125,2021-11-20 17:49:21,2021-11-20 17:50:14,94656322,"2021-01","Ostrya virginiana",,,,,,"20070191*02",,,,,,"100","80",2021-11-20,
126,2021-11-20 17:50:17,2021-11-20 17:50:51,94656322,"2021-01","Platanus occidentalis",,,,,,,,"CC5484*03",,,,"10","5",2021-11-13,
127,2021-11-20 17:46:18,2021-11-20 17:52:09,69260137,"2021-01","Ostrya virginiana",,,,,,"CC9244*01",,,,,,"100","100",2021-11-20,
128,2021-11-20 17:52:14,2021-11-20 17:53:24,69260137,"2021-01","Platanus occidentalis",,,,,,,,"CC1666*01",,,,"90","60",2021-11-20,
129,2021-11-20 18:02:28,2021-11-20 18:03:37,17577990,"2021-01","Acer rubrum","CC2943*01",,,,,,,,,,,"0","100",2021-11-18,"n/a"
130,2021-11-20 18:03:41,2021-11-20 18:04:25,17577990,"2021-01","Pinus strobus",,,,,,,"CC5067*01",,,,,"10","35",2021-11-18,"n/a"
131,2021-11-20 18:54:11,2021-11-20 18:55:02,67120008,"2021-01","Fagus grandifolia/sylvatica",,,,"CC0169*01",,,,,,,,"76","24",2021-11-19,
132,2021-11-20 18:55:05,2021-11-20 18:56:01,67120008,"2021-01","Quercus alba",,,,,,,,,"20050360*10",,,"81","28",2021-11-19,
133,2021-11-20 19:01:39,2021-11-20 19:02:48,78774131,"2021-01","Acer rubrum","20100048*11",,,,,,,,,,,"100","100",2021-11-20,
134,2021-11-20 19:02:52,2021-11-20 19:03:21,78774131,"2021-01","Acer saccharum",,"CC4331*01",,,,,,,,,,"100","100",2021-11-20,
135,2021-11-20 19:33:58,2021-11-20 19:34:34,99655906,"2021-01","Acer rubrum","CC6341*01",,,,,,,,,,,"100","17",2021-11-18,
136,2021-11-20 19:34:40,2021-11-20 19:35:49,99655906,"2021-01","Acer saccharum",,"CC6403*01",,,,,,,,,,"0","100",2021-11-18,
137,2021-11-20 19:48:05,2021-11-20 19:48:55,53813699,"2021-01","Acer saccharum",,"CC5899*02",,,,,,,,,,"100","99",2021-11-18,
138,2021-11-20 19:48:59,2021-11-20 19:51:18,53813699,"2021-01","Platanus occidentalis",,,,,,,,"CC5971*01",,,,"100","40",2021-11-18,
139,2021-11-20 19:59:16,2021-11-20 20:00:28,88754098,"2021-01","Pinus strobus",,,,,,,"CC4636*03",,,,,"0","0",2021-11-19,
140,2021-11-20 20:00:36,2021-11-20 20:01:28,88754098,"2021-01","Metasequoia glyptostroboides",,,,,"20060244*07",,,,,,,"99","10",2021-11-19,
141,2021-11-20 21:22:23,2021-11-20 21:24:38,78225714,"2021-01","Quercus alba",,,,,,,,,"CC4955*02",,,"100","35",2021-11-16,
142,2021-11-20 21:24:42,2021-11-20 21:25:39,78225714,"2021-01","Ulmus americana",,,,,,,,,,,"CC6943*01","100","80",2021-11-16,
143,2021-11-20 21:44:06,2021-11-20 21:45:10,23483972,"2021-01","Acer saccharum",,"CC1032*01",,,,,,,,,,"100","95",2021-11-20,
144,2021-11-20 21:45:14,2021-11-20 21:46:10,23483972,"2021-01","Quercus alba",,,,,,,,,"CC0234*01",,,"100","60",2021-11-20,
145,2021-11-20 19:23:04,2021-11-20 22:01:00,57704076,"2021-01","Acer saccharum",,"CC5899*02",,,,,,,,,,"100","99",2021-11-18,
146,2021-11-20 22:01:04,2021-11-20 22:03:52,57704076,"2021-01","Platanus occidentalis",,,,,,,,"CC9222*01",,,,"100","60",2021-11-18,
147,2021-11-20 22:31:19,2021-11-20 22:34:08,40997876,"2021-01","Platanus occidentalis",,,,,,,,"CC5484*01",,,,"50","20",2021-11-17,
148,2021-11-20 22:34:12,2021-11-20 22:35:24,40997876,"2021-01","Quercus rubra",,,,,,,,,,"89P063*08",,"100","2",2021-11-17,
149,2021-11-20 22:48:02,2021-11-20 22:49:41,80258726,"2021-01","Acer saccharum",,"CC6259*01",,,,,,,,,,"100","30",2021-11-20,
150,2021-11-20 22:49:45,2021-11-20 22:51:12,80258726,"2021-01","Quercus alba",,,,,,,,,"CC6390*01",,,"100","99",2021-11-20,
151,2021-11-20 22:58:57,2021-11-20 23:00:58,42969503,"2021-01","Metasequoia glyptostroboides",,,,,"20000146*03",,,,,,,"38","40",2021-11-19,
152,2021-11-20 23:01:03,2021-11-20 23:01:57,42969503,"2021-01","Platanus occidentalis",,,,,,,,"CC2662*02",,,,"35","40",2021-11-19,
153,2021-11-20 23:02:00,2021-11-20 23:02:40,42969503,"2021-01","Metasequoia glyptostroboides",,,,,"20000146*03",,,,,,,"100","60",2021-11-19,
154,2021-11-20 23:55:26,2021-11-20 23:56:39,72493845,"2021-01","Fagus grandifolia/sylvatica",,,,"20070154*04",,,,,,,,"100","60",2021-11-19,
155,2021-11-20 23:56:42,2021-11-20 23:57:17,72493845,"2021-01","Metasequoia glyptostroboides",,,,,"CC0074*01",,,,,,,"100","20",2021-11-19,
156,2021-11-21 00:35:34,2021-11-21 00:37:19,45669207,"2021-01","Ostrya virginiana",,,,,,"20070191*01",,,,,,"100","99",2021-11-19,
157,2021-11-21 00:37:25,2021-11-21 00:38:16,45669207,"2021-01","Metasequoia glyptostroboides",,,,,"20060244*04",,,,,,,"100","0",2021-11-19,
158,2021-11-21 00:47:04,2021-11-21 00:50:21,78975028,"2021-01","Ostrya virginiana",,,,,,"CC9244*01",,,,,,"0","2",2021-11-20,"No leaves on the tree and nothing wrong with the tree."
159,2021-11-21 00:50:24,2021-11-21 00:54:24,78975028,"2021-01","Acer saccharum",,"CC4694*01",,,,,,,,,,"0","5",2021-11-20,"no leaves on the tree and nothing wrong with the tree."
160,2021-11-21 01:07:20,2021-11-21 01:08:58,30372945,"2021-01","Ostrya virginiana",,,,,,"CC1320*01",,,,,,"98","75",2021-11-20,
161,2021-11-21 01:09:03,2021-11-21 01:09:57,30372945,"2021-01","Pinus strobus",,,,,,,"CC4635*01",,,,,"3","3",2021-11-20,
162,2021-11-21 01:31:53,2021-11-21 01:35:43,22769265,"2021-01","Fagus grandifolia/sylvatica",,,,"CC1245*01",,,,,,,,"80","50",2021-11-19,
163,2021-11-21 01:37:04,2021-11-21 01:39:02,22769265,"2021-01","Ulmus americana",,,,,,,,,,,"CC4653*01","98","98",2021-11-19,
164,2021-11-21 01:37:57,2021-11-21 01:39:51,25153577,"2021-01","Cornus florida",,,"CC1741*01",,,,,,,,,"100","35",2021-11-20,
165,2021-11-21 01:39:56,2021-11-21 01:41:52,25153577,"2021-01","Ulmus americana",,,,,,,,,,,"CC6943*01","100","85",2021-11-20,
166,2021-11-21 01:54:27,2021-11-21 01:55:36,72370799,"2021-01","Acer rubrum","20100048*07",,,,,,,,,,,"100","98",2021-11-18,
167,2021-11-21 01:54:02,2021-11-21 01:55:40,70379567,"2021-01","Ulmus americana",,,,,,,,,,,"CC6270*01","50","50",2021-11-20,
168,2021-11-21 01:55:42,2021-11-21 01:56:30,70379567,"2021-01","Ulmus americana",,,,,,,,,,,"CC6416*01","50","50",2021-11-20,
169,2021-11-21 01:55:40,2021-11-21 01:56:36,72370799,"2021-01","Pinus strobus",,,,,,,"CC5067*02",,,,,"14","18",2021-11-18,
170,2021-11-21 02:13:28,2021-11-21 02:15:07,70911137,"2021-01","Quercus alba",,,,,,,,,"CC0314*01",,,"100","30",2021-11-18,
171,2021-11-21 02:15:10,2021-11-21 02:16:50,70911137,"2021-01","Fagus grandifolia/sylvatica",,,,"20130268*02",,,,,,,,"100","25",2021-11-18,
172,2021-11-21 02:48:37,2021-11-21 02:53:38,83812900,"2021-01","Quercus alba",,,,,,,,,"CC0239*01",,,"100","70",2021-11-21,
173,2021-11-21 02:53:46,2021-11-21 02:55:08,83812900,"2021-01","Quercus rubra",,,,,,,,,,"98P021*03",,"90","60",2021-11-21,
174,2021-11-21 07:37:23,2021-11-21 07:39:12,99204656,"2021-01","Acer rubrum","CC6250*01",,,,,,,,,,,"100","99",2021-11-19,"All of the leaves had fallen off except for a few dead ones"
175,2021-11-21 07:39:15,2021-11-21 07:40:01,99204656,"2021-01","Ulmus americana",,,,,,,,,,,"CC6397*02","100","99.9",2021-11-19,"All of the leaves had fallen off except for a few dead ones"
176,2021-11-21 08:05:37,2021-11-21 08:06:42,83505121,"2021-01","Platanus occidentalis",,,,,,,,"CC5484*03",,,,"50","50",2021-11-16,
177,2021-11-21 08:06:48,2021-11-21 08:08:20,83505121,"2021-01","Ulmus americana",,,,,,,,,,,"CC6859*01","0","100",2021-11-16,
178,2021-11-21 08:21:19,2021-11-21 08:22:49,43207274,"2021-01","Platanus occidentalis",,,,,,,,"CC5484*05",,,,"70","40",2021-11-20,
179,2021-11-21 08:22:54,2021-11-21 08:24:15,43207274,"2021-01","Ulmus americana",,,,,,,,,,,"CC5459*02","100","94",2021-11-20,
180,2021-11-21 08:42:00,2021-11-21 08:44:04,32793972,"2021-01","Fagus grandifolia/sylvatica",,,,"CC0190*01",,,,,,,,"50","45",2021-11-18,
181,2021-11-21 08:44:08,2021-11-21 08:45:18,32793972,"2021-01","Fagus grandifolia/sylvatica",,,,"CC0169*01",,,,,,,,"60","50",2021-11-18,
182,2021-11-21 09:02:21,2021-11-21 09:05:24,63062812,"2021-01","Ulmus americana",,,,,,,,,,,"CC6405*01","79","66",2021-11-21,
183,2021-11-21 09:05:28,2021-11-21 09:06:55,63062812,"2021-01","Ulmus americana",,,,,,,,,,,"CC6416*01","92","78",2021-11-18,
184,2021-11-21 09:35:34,2021-11-21 09:35:51,57945854,"2021-01","Acer saccharum",,"CC6259*01",,,,,,,,,,"100","99",2021-11-21,
185,2021-11-21 09:34:08,2021-11-21 09:36:27,85287084,"2021-01","Ostrya virginiana",,,,,,"20070191*02",,,,,,"100","87",2021-11-17,
186,2021-11-21 09:35:56,2021-11-21 09:36:32,57945854,"2021-01","Fagus grandifolia/sylvatica",,,,"20130268*03",,,,,,,,"100","65",2021-11-21,
187,2021-11-21 09:36:30,2021-11-21 09:37:42,85287084,"2021-01","Platanus occidentalis",,,,,,,,"CC5484*02",,,,"60","40",2021-11-17,
188,2021-11-21 10:14:29,2021-11-21 10:16:25,10181927,"2021-01","Ostrya virginiana",,,,,,"20090257*02",,,,,,"100","45",2021-11-21,
189,2021-11-21 10:24:42,2021-11-21 10:25:17,59077376,"2021-01","Metasequoia glyptostroboides",,,,,"20000146*06",,,,,,,"90","0",2021-11-21,
190,2021-11-21 10:25:19,2021-11-21 10:25:51,59077376,"2021-01","Pinus strobus",,,,,,,"CC4611*01",,,,,"30","0",2021-11-21,
191,2021-11-21 10:35:53,2021-11-21 10:36:46,55699036,"2021-01","Acer rubrum","CC8185*03",,,,,,,,,,,"2","98",2021-11-21,
192,2021-11-21 10:27:28,2021-11-21 10:38:09,13381261,"2021-01","Quercus rubra",,,,,,,,,,"NN0749*01",,"100","60",2021-11-20,"All of the leaves are now completely brown/auburn with a hint of orange but the leaves are now completely NOT green. The trunk looks a bit darker to me, but I'm not sure. All of the leaves are very crispy feeling and the edges curl inwards a lot. Some of the leaves have white spots on them"
193,2021-11-21 10:38:26,2021-11-21 10:43:43,13381261,"2021-01","Platanus occidentalis",,,,,,,,"CC2662*01",,,,"100","80",2021-11-20,"My other tree still had leaves on it. This tree looks very bare compared to my other one. Majority of the leaves have fallen off of it. The leaves that remain are no longer green and these leaves are more like a faded brown color or a very faint yellow (very little pigment). The trunk looks the same. The leaves do not look crusty."
194,2021-11-21 10:42:35,2021-11-21 10:44:49,10181927,"2021-01","Fagus grandifolia/sylvatica",,,,"CC0302*01",,,,,,,,"100","30",2021-11-21,
195,2021-11-21 10:43:48,2021-11-21 10:45:04,55699036,"2021-01","Quercus rubra",,,,,,,,,,"NN0748*01",,"40","60",2021-11-21,
196,2021-11-21 10:44:16,2021-11-21 10:46:47,53019868,"2021-01","Acer saccharum",,"CC5899*02",,,,,,,,,,"100","100",2021-11-16,
197,2021-11-21 10:46:52,2021-11-21 10:47:35,53019868,"2021-01","Quercus rubra",,,,,,,,,,"94N379*17",,"100","60",2021-11-17,
198,2021-11-21 10:39:55,2021-11-21 10:51:08,81372039,"2021-01","Pinus strobus",,,,,,,"CC6484*02",,,,,"14.5","20.5",2021-11-21,
199,2021-11-21 10:51:11,2021-11-21 11:06:13,81372039,"2021-01","Metasequoia glyptostroboides",,,,,"20000146*06",,,,,,,"99","20",2021-11-21,
200,2021-11-21 11:03:52,2021-11-21 11:06:50,75748187,"2021-01","Acer saccharum",,"CC6394*01",,,,,,,,,,"100","98",2021-11-21,
201,2021-11-21 11:06:53,2021-11-21 11:08:30,75748187,"2021-01","Fagus grandifolia/sylvatica",,,,"CC0302*01",,,,,,,,"97","65",2021-11-21,
202,2021-11-21 11:08:12,2021-11-21 11:09:36,40291313,"2021-01","Acer saccharum",,"CC6394*01",,,,,,,,,,"100","96",2021-11-20,
203,2021-11-21 11:07:30,2021-11-21 11:09:44,32622367,"2021-01","Pinus strobus",,,,,,,"CC6484*02",,,,,"25","40",2021-11-17,
204,2021-11-21 11:02:28,2021-11-21 11:10:18,39989754,"2021-01","Cornus florida",,,"CC2938*01",,,,,,,,,"0","100",2021-11-17,
205,2021-11-21 11:09:39,2021-11-21 11:10:50,40291313,"2021-01","Fagus grandifolia/sylvatica",,,,"CC6328*01",,,,,,,,"100","84",2021-11-20,
206,2021-11-21 11:10:22,2021-11-21 11:10:54,39989754,"2021-01","Pinus strobus",,,,,,,"CC5067*01",,,,,"0","0",2021-11-17,
207,2021-11-21 11:09:47,2021-11-21 11:11:39,32622367,"2021-01","Metasequoia glyptostroboides",,,,,"20060244*12",,,,,,,"100","75",2021-11-17,
208,2021-11-21 11:11:54,2021-11-21 11:12:48,28743328,"2021-01","Metasequoia glyptostroboides",,,,,"20000146*03",,,,,,,"100","10",2021-11-18,
209,2021-11-21 11:12:38,2021-11-21 11:13:31,73658378,"2021-01","Cornus florida",,,"CC6272*01",,,,,,,,,"100","100",2021-11-21,
210,2021-11-21 11:13:35,2021-11-21 11:14:05,73658378,"2021-01","Ulmus americana",,,,,,,,,,,"CC6270*01","100","100",2021-11-21,
211,2021-11-21 11:12:52,2021-11-21 11:14:47,28743328,"2021-01","Fagus grandifolia/sylvatica",,,,"CC0255*01",,,,,,,,"70","25",2021-11-18,
212,2021-11-21 11:14:02,2021-11-21 11:14:54,93829381,"2021-01","Ulmus americana",,,,,,,,,,,"CC6249*01","100","90",2021-11-20,
213,2021-11-21 11:14:57,2021-11-21 11:15:38,93829381,"2021-01","Ulmus americana",,,,,,,,,,,"CC6283*01","100","100",2021-11-20,
214,2021-11-21 11:16:43,2021-11-21 11:17:50,40616828,"2021-01","Metasequoia glyptostroboides",,,,,"20000146*02",,,,,,,"0","100",2021-11-21,
215,2021-11-21 11:17:34,2021-11-21 11:18:26,58893796,"2021-01","Ulmus americana",,,,,,,,,,,"CC6397*02","100","100",2021-11-18,
216,2021-11-21 11:17:54,2021-11-21 11:18:50,40616828,"2021-01","Ostrya virginiana",,,,,,"20090257*04",,,,,,"100","5",2021-11-21,
217,2021-11-21 11:18:06,2021-11-21 11:18:54,29128302,"2021-01","Quercus alba",,,,,,,,,"20050360*10",,,"100","75",2021-11-21,
218,2021-11-21 11:18:30,2021-11-21 11:19:01,58893796,"2021-01","Acer rubrum","CC6341*01",,,,,,,,,,,"100","10",2021-11-18,
219,2021-11-21 11:18:57,2021-11-21 11:21:28,29128302,"2021-01","Platanus occidentalis",,,,,,,,"CC0597*01",,,,"45","30",2021-11-21,
220,2021-11-21 11:21:52,2021-11-21 11:22:39,35079483,"2021-01","Platanus occidentalis",,,,,,,,"CC0370*01",,,,"70","60",2021-11-19,
221,2021-11-21 11:22:44,2021-11-21 11:23:20,35079483,"2021-01","Quercus rubra",,,,,,,,,,"89P063*01",,"75","60",2021-11-19,
222,2021-11-21 11:27:31,2021-11-21 11:29:37,99750988,"2021-01","Acer rubrum","20100048*14",,,,,,,,,,,"100","100",2021-11-21,"n/a"
223,2021-11-21 11:29:49,2021-11-21 11:30:42,36799959,"2021-01","Metasequoia glyptostroboides",,,,,"20000146*05",,,,,,,"70","0",2021-11-20,
224,2021-11-21 11:29:41,2021-11-21 11:30:57,99750988,"2021-01","Cornus florida",,,"CC1402*01",,,,,,,,,"100","100",2021-11-21,"n/a"
225,2021-11-21 11:30:56,2021-11-21 11:31:37,36799959,"2021-01","Acer saccharum",,"CC6259*04",,,,,,,,,,"100","80",2021-11-20,
226,2021-11-21 11:30:50,2021-11-21 11:33:27,39371595,"2021-01","Ulmus americana",,,,,,,,,,,"CC4662*01","100","90",2021-11-21,
227,2021-11-21 11:33:30,2021-11-21 11:34:16,39371595,"2021-01","Pinus strobus",,,,,,,"CC4676*04",,,,,"1","0",2021-11-21,
228,2021-11-21 11:33:33,2021-11-21 11:35:15,86655586,"2021-01","Pinus strobus",,,,,,,"98P136*01",,,,,"2","1",2021-11-21,
229,2021-11-21 11:35:18,2021-11-21 11:39:32,86655586,"2021-01","Platanus occidentalis",,,,,,,,"CC5484*04",,,,"85","70",2021-11-21,
230,2021-11-21 11:40:05,2021-11-21 11:41:00,32760534,"2021-01","Acer rubrum","20100048*13",,,,,,,,,,,"100","100",2021-11-20,
231,2021-11-21 11:41:11,2021-11-21 11:41:54,32760534,"2021-01","Platanus occidentalis",,,,,,,,"CC0597*01",,,,"100","10",2021-11-20,
232,2021-11-21 11:38:29,2021-11-21 11:41:57,44985036,"2021-01","Fagus grandifolia/sylvatica",,,,"CC0139*01",,,,,,,,"100","50",2021-11-21,
233,2021-11-21 11:42:00,2021-11-21 11:42:45,44985036,"2021-01","Ostrya virginiana",,,,,,"20090257*02",,,,,,"100","99",2021-11-21,
234,2021-11-21 11:38:24,2021-11-21 11:43:05,91689468,"2021-01","Quercus alba",,,,,,,,,"CC0253*01",,,"100","15",2021-11-18,
235,2021-11-21 11:43:11,2021-11-21 11:43:51,91689468,"2021-01","Quercus rubra",,,,,,,,,,"CC2536*01",,"100","15",2021-11-18,
236,2021-11-21 11:42:52,2021-11-21 11:44:16,72939560,"2021-01","Cornus florida",,,"CC7298*02",,,,,,,,,"98","30",2021-11-19,
237,2021-11-21 11:44:19,2021-11-21 11:45:35,72939560,"2021-01","Cornus florida",,,"CC1720*02",,,,,,,,,"94","45",2021-11-19,
238,2021-11-21 09:07:13,2021-11-21 11:50:02,79553945,"2021-01","Metasequoia glyptostroboides",,,,,"20060244*05",,,,,,,"95","20",2021-11-21,
239,2021-11-21 11:48:08,2021-11-21 11:50:04,62904518,"2021-01","Quercus alba",,,,,,,,,"CC6631*01",,,"100","80",2021-11-20,
240,2021-11-21 11:50:05,2021-11-21 11:51:07,79553945,"2021-01","Metasequoia glyptostroboides",,,,,"20060244*14",,,,,,,"95","40",2021-11-21,
241,2021-11-21 11:50:37,2021-11-21 11:51:13,65083327,"2021-01","Quercus rubra",,,,,,,,,,"CC0286*01",,"100","85",2021-11-21,
242,2021-11-21 11:50:07,2021-11-21 11:51:26,62904518,"2021-01","Quercus rubra",,,,,,,,,,"89P063*02",,"100","5",2021-11-20,
243,2021-11-21 11:51:05,2021-11-21 11:51:53,88653807,"2021-01","Acer rubrum","CC1719*01",,,,,,,,,,,"60","60",2021-11-21,
244,2021-11-21 11:51:17,2021-11-21 11:52:06,65083327,"2021-01","Fagus grandifolia/sylvatica",,,,"CC0139*01",,,,,,,,"100","80",2021-11-21,
245,2021-11-21 11:51:57,2021-11-21 11:52:42,88653807,"2021-01","Fagus grandifolia/sylvatica",,,,"20070154*04",,,,,,,,"70","40",2021-11-21,
246,2021-11-21 11:54:14,2021-11-21 11:55:09,95520510,"2021-01","Acer saccharum",,"CC6259*03",,,,,,,,,,"100","99",2021-11-21,
247,2021-11-21 11:55:00,2021-11-21 11:55:44,76934084,"2021-01","Ulmus americana",,,,,,,,,,,"CC5459*03","100","100",2021-11-21,
248,2021-11-21 11:55:12,2021-11-21 11:56:59,95520510,"2021-01","Fagus grandifolia/sylvatica",,,,"CC6260*01",,,,,,,,"100","85",2021-11-21,
249,2021-11-21 11:55:47,2021-11-21 11:57:27,76934084,"2021-01","Ostrya virginiana",,,,,,"20070191*03",,,,,,"100","50",2021-11-21,
250,2021-11-21 12:00:21,2021-11-21 12:01:35,73715403,"2021-01","Quercus rubra",,,,,,,,,,"98P021*03",,"100","30",2021-11-21,
251,2021-11-21 12:01:38,2021-11-21 12:02:17,73715403,"2021-01","Fagus grandifolia/sylvatica",,,,"CC0182*01",,,,,,,,"100","90",2021-11-21,
252,2021-11-21 12:08:10,2021-11-21 12:09:37,10356057,"2021-01","Metasequoia glyptostroboides",,,,,"CC1126*01",,,,,,,"100","35",2021-11-21,
253,2021-11-21 12:09:41,2021-11-21 12:10:34,10356057,"2021-01","Cornus florida",,,"CC0364*01",,,,,,,,,"100","100",2021-11-21,
254,2021-11-21 12:23:39,2021-11-21 12:26:07,13584421,"2021-01","Quercus alba",,,,,,,,,"CC6390*01",,,"100","90",2021-11-21,
255,2021-11-21 12:26:12,2021-11-21 12:27:00,13584421,"2021-01","Ulmus americana",,,,,,,,,,,"CC6270*01","100","90",2021-11-21,
256,2021-11-21 12:58:37,2021-11-21 12:59:52,51482105,"2021-01","Fagus grandifolia/sylvatica",,,,"CC0242*01",,,,,,,,"60","50",2021-11-17,
257,2021-11-21 13:00:07,2021-11-21 13:01:38,51482105,"2021-01","Pinus strobus",,,,,,,"CC4676*04",,,,,"50","50",2021-11-15,
258,2021-11-21 14:17:29,2021-11-21 14:18:44,48922153,"2021-01","Cornus florida",,,"CC7298*01",,,,,,,,,"100","98",2021-11-21,
259,2021-11-21 14:19:05,2021-11-21 14:21:36,48922153,"2021-01","Cornus florida",,,"CC7298*02",,,,,,,,,"100","95",2021-11-21,
260,2021-11-21 14:34:14,2021-11-21 14:37:53,25222579,"2021-01","Platanus occidentalis",,,,,,,,"CC0370*01",,,,"60","30",2021-11-19,
261,2021-11-21 14:38:01,2021-11-21 14:39:20,25222579,"2021-01","Fagus grandifolia/sylvatica",,,,"CC0190*01",,,,,,,,"35","30",2021-11-19,
262,2021-11-21 15:50:05,2021-11-21 15:50:25,21712642,"2021-01","Acer saccharum",,"CC6395*01",,,,,,,,,,"100","100",2021-11-21,
263,2021-11-21 15:50:30,2021-11-21 15:52:05,21712642,"2021-01","Cornus florida",,,"CC0364*01",,,,,,,,,"100","100",2021-11-21,
264,2021-11-21 18:37:46,2021-11-21 18:43:19,27361143,"2021-01","Ulmus americana",,,,,,,,,,,"CC6859*01","100","99",2021-11-21,
265,2021-11-21 18:43:23,2021-11-21 18:44:55,27361143,"2021-01","Ostrya virginiana",,,,,,"20070191*01",,,,,,"100","99",2021-11-21,
266,2021-11-21 19:12:02,2021-11-21 19:18:46,74503813,"2021-01","Quercus rubra",,,,,,,,,,"NN0749*01",,"100","65",2021-11-21,
267,2021-11-21 19:18:51,2021-11-21 19:23:32,74503813,"2021-01","Acer rubrum","20100048*09",,,,,,,,,,,"100","99",2021-11-21,
268,2021-11-21 19:48:12,2021-11-21 19:50:19,79240645,"2021-01","Acer saccharum",,"CC6395*01",,,,,,,,,,"100","98",2021-11-21,
269,2021-11-21 19:50:23,2021-11-21 19:52:29,79240645,"2021-01","Fagus grandifolia/sylvatica",,,,"CC6260*01",,,,,,,,"100","75",2021-11-21,
270,2021-11-21 19:53:21,2021-11-21 19:54:01,35868511,"2021-01","Pinus strobus",,,,,,,"CC6484*01",,,,,"0","0",2021-11-21,
271,2021-11-21 19:54:06,2021-11-21 19:54:48,35868511,"2021-01","Platanus occidentalis",,,,,,,,"CC0402*01",,,,"20","10",2021-11-21,
272,2021-11-21 20:01:02,2021-11-21 20:11:26,57860736,"2021-01","Ostrya virginiana",,,,,,"CC1320*01",,,,,,"90","70",2021-11-20,
273,2021-11-21 20:11:29,2021-11-21 20:12:13,57860736,"2021-01","Pinus strobus",,,,,,,"CC4635*01",,,,,"35","15",2021-11-20,
274,2021-11-22 15:37:16,2021-11-22 15:38:29,42461148,"2021-01","Acer rubrum","CC2943*02",,,,,,,,,,,"0","100",2021-11-22,
275,2021-11-22 15:38:33,2021-11-22 15:39:41,42461148,"2021-01","Fagus grandifolia/sylvatica",,,,"CC1623*01",,,,,,,,"80","75",2021-11-22,
276,2021-11-22 18:28:42,2021-11-22 18:31:07,94481865,"2021-01","Acer rubrum","CC1719*02",,,,,,,,,,,"100","95",2021-11-20,
277,2021-11-22 18:31:11,2021-11-22 18:32:52,94481865,"2021-01","Pinus strobus",,,,,,,"CC4639*01",,,,,"90","50",2021-11-20,
