"ID","Start_time","Completion_time","StudentID","SectionID","Tree_species","Accession_Acer_rubrum","Accession_Acer_saccharum","Accession_Cornus_florida","Accession_Fagus_grandifolia","Accession_Metasequoia_glyptostroboides","Accession_Ostrya_virginiana","Accession_Pinus_strobus","Accession_Platanus_occidentalis","Accession_Quercus_alba","Accession_Quercus_rubra","Accession_Ulmus_americana","Percent_color","Percent_fallen","Photo_date","Comments"
1,2023-10-01 12:34:56,2023-10-01 12:36:50,43855999,"2023-01","Fagus grandifolia/sylvatica",,,,"CC6260*01",,,,,,,,"5","5",2023-10-01,
2,2023-10-01 12:36:57,2023-10-01 12:37:51,43855999,"2023-01","Quercus alba",,,,,,,,,"CC6390*01",,,"5","5",2023-10-01,
3,2023-10-01 14:35:28,2023-10-01 14:39:26,39481190,"2023-01","Quercus rubra",,,,,,,,,,"89P063*03",,"2","0",2023-10-01,
4,2023-10-02 07:56:17,2023-10-02 07:58:45,76565851,"2023-01","Acer rubrum","CC8185*03",,,,,,,,,,,"20","2",2023-10-02,
5,2023-10-02 07:59:08,2023-10-02 08:01:29,76565851,"2023-01","Ostrya virginiana",,,,,,"20070191*01",,,,,,"65","20",2023-10-02,
6,2023-10-02 12:11:29,2023-10-02 12:12:33,81821232,"2023-01","Ulmus americana",,,,,,,,,,,"CC6859*01","20","35",2023-10-02,"N/A"
7,2023-10-02 12:24:15,2023-10-02 12:24:54,17566403,"2023-01","Acer saccharum",,"CC4423*01",,,,,,,,,,"20","5",2023-10-02,
8,2023-10-02 12:25:01,2023-10-02 12:25:41,17566403,"2023-01","Acer saccharum",,"CC4694*01",,,,,,,,,,"27","10",2023-10-02,
9,2023-10-02 12:39:07,2023-10-02 12:40:12,87994630,"2023-01","Acer rubrum","CC1719*01",,,,,,,,,,,"5","0",2023-10-02,
10,2023-10-02 12:40:18,2023-10-02 12:41:20,87994630,"2023-01","Cornus florida",,,"CC1720*01",,,,,,,,,"5","0",2023-10-02,
11,2023-10-02 12:42:28,2023-10-02 12:44:31,93596554,"2023-02","Quercus rubra",,,,,,,,,,"NN0748*01",,"15","5",2023-10-01,
12,2023-10-02 12:44:39,2023-10-02 12:46:46,93596554,"2023-02","Quercus rubra",,,,,,,,,,"CC0286*01",,"10","10",2023-10-01,
13,2023-10-02 14:04:19,2023-10-02 14:05:55,11532165,"2023-01","Quercus alba",,,,,,,,,"CC6651*01",,,"5","4",2023-10-02,
14,2023-10-02 14:52:11,2023-10-02 14:53:56,19355031,"2023-01","Quercus alba",,,,,,,,,"CC4955*01",,,"30","5",2023-10-02,
15,2023-10-02 14:54:03,2023-10-02 14:56:25,19355031,"2023-01","Cornus florida",,,"CC1741*01",,,,,,,,,"10","12",2023-10-02,
16,2023-10-02 16:01:23,2023-10-02 16:02:53,71325874,"2023-02","Pinus strobus",,,,,,,"CC5067*01",,,,,"0","60",2023-10-02,
17,2023-10-02 16:03:03,2023-10-02 16:03:40,71325874,"2023-02","Pinus strobus",,,,,,,"CC5067*02",,,,,"0","40",2023-10-02,
18,2023-10-02 16:22:46,2023-10-02 16:24:01,18096350,"2023-02","Ostrya virginiana",,,,,,"20110263*01",,,,,,"8","2",2023-10-02,
19,2023-10-02 16:24:30,2023-10-02 16:25:18,15428829,"2023-02","Ostrya virginiana",,,,,,"20070191*01",,,,,,"10","5",2023-10-02,
20,2023-10-02 16:24:18,2023-10-02 16:26:07,18096350,"2023-02","Ostrya virginiana",,,,,,"20090303*05",,,,,,"8","5",2023-10-02,"Accession tag is missing"
21,2023-10-02 16:26:22,2023-10-02 16:26:32,15428829,"2023-02","Ostrya virginiana",,,,,,"20070191*02",,,,,,"10","30",2023-10-02,
22,2023-10-02 16:31:31,2023-10-02 16:33:14,86867413,"2023-01","Acer rubrum","CC2943*01",,,,,,,,,,,"42","20",2023-10-02,
23,2023-10-02 16:33:24,2023-10-02 16:35:26,86867413,"2023-01","Ostrya virginiana",,,,,,"CC1648*01",,,,,,"22","61",2023-10-02,
24,2023-10-02 16:35:17,2023-10-02 16:36:24,61787543,"2023-02","Ostrya virginiana",,,,,,"20110263*01",,,,,,"5","2",2023-10-02,
25,2023-10-02 16:36:33,2023-10-02 16:38:47,61787543,"2023-02","Cornus florida",,,"CC2202*01",,,,,,,,,"40","5",2023-10-02,
26,2023-10-02 16:36:39,2023-10-02 16:39:03,48653201,"2023-01","Platanus occidentalis",,,,,,,,"CC0597*01",,,,"1","0",2023-10-02,
27,2023-10-02 16:39:10,2023-10-02 16:40:35,48653201,"2023-01","Cornus florida",,,"CC0549*01",,,,,,,,,"3","0",2023-10-02,
28,2023-10-02 16:39:41,2023-10-02 16:42:10,42519035,"2023-02","Fagus grandifolia/sylvatica",,,,"CC1623*01",,,,,,,,"0","0",2023-10-02,
29,2023-10-02 16:42:13,2023-10-02 16:43:21,42519035,"2023-02","Platanus occidentalis",,,,,,,,"CC9222*01",,,,"0","0",2023-10-02,
30,2023-10-02 17:44:08,2023-10-02 17:46:01,81821232,"2023-01","Cornus florida",,,"CC1720*02",,,,,,,,,"15","10",2023-10-02,"N/A"
31,2023-10-02 17:44:52,2023-10-02 17:49:42,79155108,"2023-01","Cornus florida",,,"CC1402*01",,,,,,,,,"5","0",2023-10-02,
32,2023-10-02 18:24:05,2023-10-02 18:26:08,63280147,"2023-02","Ulmus americana",,,,,,,,,,,"CC6283*01","5","0",2023-10-02,
33,2023-10-02 18:26:13,2023-10-02 18:26:53,63280147,"2023-02","Ulmus americana",,,,,,,,,,,"CC6405*01","2","0",2023-10-02,
34,2023-10-02 18:36:48,2023-10-02 18:37:39,45259634,"2023-01","Platanus occidentalis",,,,,,,,"CC6694*03",,,,"8","5",2023-10-02,
35,2023-10-02 18:37:45,2023-10-02 18:38:33,45259634,"2023-01","Quercus alba",,,,,,,,,"CC6631*01",,,"0","0",2023-10-02,"Tree is no longer there."
36,2023-10-02 19:06:30,2023-10-02 19:08:38,13679760,"2023-01","Acer rubrum","CC2943*03",,,,,,,,,,,"20","0",2023-10-02,"N/A"
37,2023-10-02 19:08:41,2023-10-02 19:10:00,13679760,"2023-01","Cornus florida",,,"CC2938*01",,,,,,,,,"10","10",2023-10-02,"N/A"
38,2023-10-02 19:12:58,2023-10-02 19:14:37,25558485,"2023-01","Pinus strobus",,,,,,,"CC5067*01",,,,,"0","0",2023-10-02,
39,2023-10-02 19:14:42,2023-10-02 19:15:22,25558485,"2023-01","Pinus strobus",,,,,,,"CC5067*02",,,,,"0","0",2023-10-02,
40,2023-10-02 19:35:20,2023-10-02 19:36:44,56211967,"2023-02","Quercus alba",,,,,,,,,"20050360*10",,,"10","0",2023-10-02,
41,2023-10-02 19:36:51,2023-10-02 19:37:18,56211967,"2023-02","Quercus alba",,,,,,,,,"CC0234*01",,,"0","0",2023-10-02,
42,2023-10-02 20:28:59,2023-10-02 20:39:35,98041012,"2023-02","Ulmus americana",,,,,,,,,,,"CC5425*16","7","3",2023-10-02,
43,2023-10-02 20:39:39,2023-10-02 20:43:52,98041012,"2023-02","Ostrya virginiana",,,,,,"20090257*06",,,,,,"70","30",2023-10-02,
44,2023-10-02 22:06:49,2023-10-02 22:07:24,88000842,"2023-01","Ostrya virginiana",,,,,,"20090257*06",,,,,,"50","2",2023-10-02,
45,2023-10-02 22:10:14,2023-10-02 22:11:00,88000842,"2023-01","Ulmus americana",,,,,,,,,,,"CC5425*16","17","1",2023-10-02,
46,2023-10-02 22:39:34,2023-10-02 22:45:07,87074502,"2023-01","Fagus grandifolia/sylvatica",,,,"CC0242*01",,,,,,,,"15","15",2023-10-02,
47,2023-10-02 22:45:29,2023-10-02 22:46:48,87074502,"2023-01","Acer saccharum",,"CC5899*02",,,,,,,,,,"30","15",2023-10-02,
48,2023-10-02 22:52:32,2023-10-02 22:54:22,52055575,"2023-01","Acer rubrum","CC2943*01",,,,,,,,,,,"42","10",2023-10-02,
49,2023-10-02 22:54:26,2023-10-02 22:55:28,52055575,"2023-01","Ostrya virginiana",,,,,,"CC1648*01",,,,,,"60","57",2023-10-02,
50,2023-10-03 09:39:44,2023-10-03 09:40:25,34305845,"2023-02","Cornus florida",,,"CC7298*01",,,,,,,,,"70","5",2023-10-02,
51,2023-10-03 09:40:28,2023-10-03 09:41:50,34305845,"2023-02","Cornus florida",,,"CC7298*02",,,,,,,,,"70","0",2023-10-02,
52,2023-10-03 09:59:54,2023-10-03 10:00:54,80480581,"2023-02","Ostrya virginiana",,,,,,"20070191*04",,,,,,"0","0",2023-10-03,
53,2023-10-03 10:00:58,2023-10-03 10:03:14,80480581,"2023-02","Ostrya virginiana",,,,,,"20070191*03",,,,,,"25","40",2023-10-03,
54,2023-10-03 11:12:29,2023-10-03 11:14:23,28415869,"2023-01","Acer rubrum","20100048*09",,,,,,,,,,,"5","1",2023-10-02,
55,2023-10-03 11:14:29,2023-10-03 11:15:37,28415869,"2023-01","Cornus florida",,,"CC1720*02",,,,,,,,,"30","5",2023-10-02,
56,2023-10-03 11:16:53,2023-10-03 11:17:50,96431305,"2023-01","Quercus alba",,,,,,,,,"CC4955*02",,,"1","1",2023-10-03,
57,2023-10-03 11:17:54,2023-10-03 11:18:23,96431305,"2023-01","Ulmus americana",,,,,,,,,,,"CC6943*01","5","5",2023-10-03,
58,2023-10-03 12:13:28,2023-10-03 12:15:15,15724358,"2023-01","Quercus rubra",,,,,,,,,,"94N379*07",,"0","1",2023-10-03,
59,2023-10-03 12:29:44,2023-10-03 12:30:49,88795215,"2023-01","Fagus grandifolia/sylvatica",,,,"CC6328*01",,,,,,,,"0","0.5",2023-10-03,
60,2023-10-03 12:30:54,2023-10-03 12:31:45,88795215,"2023-01","Cornus florida",,,"CC1402*01",,,,,,,,,"0","0",2023-10-03,
61,2023-10-03 13:40:24,2023-10-03 13:42:30,92882600,"2023-02","Platanus occidentalis",,,,,,,,"CC1666*01",,,,"5","3",2023-10-03,
62,2023-10-03 13:44:35,2023-10-03 13:45:57,92882600,"2023-02","Platanus occidentalis",,,,,,,,"CC5971*01",,,,"4","3",2023-10-03,
63,2023-10-03 14:03:30,2023-10-03 14:05:00,81984675,"2023-01","Acer saccharum",,"CC6259*03",,,,,,,,,,"48","52",2023-10-03,
64,2023-10-03 14:05:12,2023-10-03 14:05:41,81984675,"2023-01","Acer saccharum",,"CC6259*04",,,,,,,,,,"50","54",2023-10-03,
65,2023-10-03 14:25:32,2023-10-03 14:26:28,19625381,"2023-02","Quercus alba",,,,,,,,,"CC4955*01",,,"100","20",2023-10-03,
66,2023-10-03 14:26:41,2023-10-03 14:27:10,19625381,"2023-02","Quercus alba",,,,,,,,,"CC4955*03",,,"0","0",2023-10-03,
67,2023-10-03 14:26:53,2023-10-03 14:29:34,46656143,"2023-02","Platanus occidentalis",,,,,,,,"CC0016*01",,,,"10","2",2023-10-03,
68,2023-10-03 14:29:42,2023-10-03 14:30:56,46656143,"2023-02","Metasequoia glyptostroboides",,,,,"CC1126*01",,,,,,,"4","1",2023-10-03,
69,2023-10-03 15:10:28,2023-10-03 15:13:27,15724358,"2023-01","Acer rubrum","CC2943*03",,,,,,,,,,,"5","2",2023-10-03,
70,2023-10-03 15:18:23,2023-10-03 15:19:56,33425793,"2023-01","Acer saccharum",,"CC6259*03",,,,,,,,,,"5","1",2023-10-03,
71,2023-10-03 15:19:31,2023-10-03 15:20:47,14214055,"2023-01","Acer rubrum","20100048*07",,,,,,,,,,,"11","10",2023-10-03,
72,2023-10-03 15:20:00,2023-10-03 15:20:53,33425793,"2023-01","Acer saccharum",,"CC6259*04",,,,,,,,,,"10","3",2023-10-03,
73,2023-10-03 15:20:53,2023-10-03 15:22:03,14214055,"2023-01","Platanus occidentalis",,,,,,,,"CC2662*01",,,,"9","8",2023-10-03,
74,2023-10-03 16:30:43,2023-10-03 16:31:32,89390590,"2023-02","Quercus alba",,,,,,,,,"CC0239*01",,,"5","0",2023-10-03,
75,2023-10-03 16:31:36,2023-10-03 16:32:04,89390590,"2023-02","Quercus alba",,,,,,,,,"CC0253*01",,,"3","0",2023-10-03,
76,2023-10-03 16:40:35,2023-10-03 16:44:46,42231366,"2023-01","Quercus alba",,,,,,,,,"CC4955*01",,,"19","12",2023-10-03,
77,2023-10-03 16:45:17,2023-10-03 16:46:06,42231366,"2023-01","Ulmus americana",,,,,,,,,,,"CC5459*02","23","5",2023-10-03,
78,2023-10-03 17:09:22,2023-10-03 17:12:00,91692000,"2023-01","Acer rubrum","CC6281*02",,,,,,,,,,,"8","7",2023-10-02,"Lawn mower moved away majority of leaves % of leaves may vary ~5%"
79,2023-10-03 17:12:04,2023-10-03 17:12:47,91692000,"2023-01","Acer rubrum","CC6281*01",,,,,,,,,,,"8","10",2023-10-02,"Lawn mower moved away majority of leaves % of leaves may vary ~5%"
80,2023-10-03 17:41:59,2023-10-03 17:43:35,53361333,"2023-02","Quercus alba",,,,,,,,,"CC0239*01",,,"10","5",2023-10-03,
81,2023-10-03 17:43:44,2023-10-03 17:44:29,53361333,"2023-02","Quercus alba",,,,,,,,,"20050360*10",,,"5","3",2023-10-03,
82,2023-10-03 17:50:08,2023-10-03 17:50:44,15130204,"2023-02","Pinus strobus",,,,,,,"CC5067*01",,,,,"100","0",2023-10-03,
83,2023-10-03 17:50:53,2023-10-03 17:51:20,15130204,"2023-02","Pinus strobus",,,,,,,"CC5067*02",,,,,"100","0",2023-10-03,
84,2023-10-03 19:00:51,2023-10-03 19:01:22,27009011,"2023-02","Quercus rubra",,,,,,,,,,"94N379*07",,"0","25",2023-10-03,
85,2023-10-03 19:01:27,2023-10-03 19:02:03,27009011,"2023-02","Quercus rubra",,,,,,,,,,"94N379*17",,"0","26",2023-10-03,
86,2023-10-03 21:23:51,2023-10-03 21:25:50,83219583,"2023-02","Ostrya virginiana",,,,,,"20070191*04",,,,,,"12","5",2023-10-03,
87,2023-10-03 22:35:51,2023-10-03 22:37:01,69631798,"2023-01","Ostrya virginiana",,,,,,"20070191*01",,,,,,"20","0",2023-10-03,
88,2023-10-03 22:37:05,2023-10-03 22:37:58,69631798,"2023-01","Metasequoia glyptostroboides",,,,,"20000146*03",,,,,,,"0","0",2023-10-03,
89,2023-10-03 23:51:53,2023-10-03 23:52:14,42998202,"2023-01","Cornus florida",,,"CC0364*01",,,,,,,,,"100","25",2023-10-02,
90,2023-10-03 23:52:18,2023-10-03 23:53:26,42998202,"2023-01","Platanus occidentalis",,,,,,,,"CC0370*01",,,,"25","25",2023-10-02,
91,2023-10-04 10:12:32,2023-10-04 10:15:05,83219583,"2023-02","Metasequoia glyptostroboides",,,,,"20000146*03",,,,,,,"0","0",2023-10-04,
92,2023-10-04 10:51:01,2023-10-04 10:57:29,55183564,"2023-02","Cornus florida",,,"CC1849*01",,,,,,,,,"95","10",2023-10-04,
93,2023-10-04 10:43:38,2023-10-04 10:57:51,38383739,"2023-01","Ulmus americana",,,,,,,,,,,"CC6397*02","9","10",2023-10-04,
94,2023-10-04 10:57:37,2023-10-04 10:59:10,55183564,"2023-02","Ostrya virginiana",,,,,,"20090303*05",,,,,,"5","5",2023-10-04,
95,2023-10-04 10:57:55,2023-10-04 10:59:34,38383739,"2023-01","Ulmus americana",,,,,,,,,,,"CC6416*01","7","5",2023-10-04,
96,2023-10-04 11:05:11,2023-10-04 11:08:53,56688026,"2023-01","Platanus occidentalis",,,,,,,,"CC0402*01",,,,"4","4",2023-10-04,
97,2023-10-04 11:06:08,2023-10-04 11:09:31,10169514,"2023-02","Quercus alba",,,,,,,,,"CC1059*01",,,"0","0",2023-10-02,
98,2023-10-04 11:08:59,2023-10-04 11:10:38,56688026,"2023-01","Quercus alba",,,,,,,,,"CC0234*01",,,"1","1",2023-10-04,
99,2023-10-04 11:09:39,2023-10-04 11:10:39,10169514,"2023-02","Quercus alba",,,,,,,,,"CC4326*01",,,"0","0",2023-10-02,
100,2023-10-04 11:55:22,2023-10-04 12:00:40,57088456,"2023-01","Metasequoia glyptostroboides",,,,,"20060244*04",,,,,,,"0","0",2023-10-04,
101,2023-10-04 11:55:22,2023-10-04 12:12:30,57088456,"2023-01","Quercus alba",,,,,,,,,"CC6651*01",,,"40","10",2023-10-04,
102,2023-10-04 12:22:38,2023-10-04 12:24:15,97398395,"2023-01","Platanus occidentalis",,,,,,,,"CC0016*01",,,,"1","1",2023-10-04,
103,2023-10-04 12:24:24,2023-10-04 12:28:55,97398395,"2023-01","Metasequoia glyptostroboides",,,,,"CC1126*01",,,,,,,"1","0",2023-10-04,
104,2023-10-04 12:39:45,2023-10-04 12:42:27,50786928,"2023-02","Ulmus americana",,,,,,,,,,,"CC4662*01","20","10",2023-10-04,"N/A"
105,2023-10-04 12:42:34,2023-10-04 12:45:04,50786928,"2023-02","Pinus strobus",,,,,,,"CC4676*01",,,,,"10","6",2023-10-04,"N/A"
106,2023-10-04 13:24:09,2023-10-04 13:25:42,64947253,"2023-02","Acer rubrum","CC6281*01",,,,,,,,,,,"5","5",2023-10-04,
107,2023-10-04 13:26:02,2023-10-04 13:26:59,64947253,"2023-02","Acer rubrum","CC6341*01",,,,,,,,,,,"0","0",2023-10-04,
108,2023-10-04 13:30:48,2023-10-04 13:32:49,53308753,"2023-02","Acer rubrum","20100046*07",,,,,,,,,,,"65","15",2023-10-04,
109,2023-10-04 13:32:52,2023-10-04 13:33:49,53308753,"2023-02","Acer rubrum","CC8185*03",,,,,,,,,,,"25","10",2023-10-03,
110,2023-10-04 13:56:09,2023-10-04 13:59:44,67958593,"2023-01","Ulmus americana",,,,,,,,,,,"CC6943*01","5","2",2023-10-03,"Tree species was not available in dropdown menu, so I chose different species and accession number."
111,2023-10-04 13:59:48,2023-10-04 14:01:35,67958593,"2023-01","Ulmus americana",,,,,,,,,,,"CC4653*01","2","0",2023-10-03,"Tree species was unavailable in dropdown menu, so I picked different species and accession number."
112,2023-10-04 14:10:46,2023-10-04 14:12:48,16631430,"2023-01","Cornus florida",,,"CC1849*01",,,,,,,,,"75","20",2023-10-04,
113,2023-10-04 14:12:56,2023-10-04 14:15:03,16631430,"2023-01","Ostrya virginiana",,,,,,"20110263*01",,,,,,"5","2",2023-10-04,
114,2023-10-04 14:23:17,2023-10-04 14:26:14,66377580,"2023-01","Pinus strobus",,,,,,,"98P136*01",,,,,"10","10",2023-10-04,
115,2023-10-04 14:24:44,2023-10-04 14:27:36,62324316,"2023-02","Quercus alba",,,,,,,,,"CC0253*01",,,"5","2",2023-10-04,
116,2023-10-04 14:26:28,2023-10-04 14:27:38,66377580,"2023-01","Platanus occidentalis",,,,,,,,"CC2662*01",,,,"10","10",2023-10-04,
117,2023-10-04 14:28:05,2023-10-04 14:29:22,62324316,"2023-02","Metasequoia glyptostroboides",,,,,"CC1126*01",,,,,,,"2","2",2023-10-04,
118,2023-10-04 14:43:50,2023-10-04 14:45:13,78946942,"2023-01","Ostrya virginiana",,,,,,"CC1648*01",,,,,,"60","50",2023-10-04,
119,2023-10-04 14:44:24,2023-10-04 14:45:41,59046046,"2023-01","Pinus strobus",,,,,,,"CC4611*01",,,,,"0","0",2023-10-04,
120,2023-10-04 14:45:17,2023-10-04 14:46:13,78946942,"2023-01","Ostrya virginiana",,,,,,"CC9244*01",,,,,,"50","25",2023-10-04,
121,2023-10-04 14:45:44,2023-10-04 14:46:32,59046046,"2023-01","Acer saccharum",,"CC6403*01",,,,,,,,,,"5","10",2023-10-04,
122,2023-10-04 14:51:25,2023-10-04 14:52:21,82496791,"2023-01","Cornus florida",,,"CC1741*01",,,,,,,,,"5","1",2023-10-03,
123,2023-10-04 14:52:25,2023-10-04 14:53:14,82496791,"2023-01","Quercus alba",,,,,,,,,"CC1059*01",,,"4","1",2023-10-04,
124,2023-10-04 15:55:45,2023-10-04 15:56:44,75476908,"2023-01","Acer rubrum","CC6281*01",,,,,,,,,,,"15","20",2023-10-04,
125,2023-10-04 15:56:52,2023-10-04 15:57:25,75476908,"2023-01","Acer rubrum","CC6341*01",,,,,,,,,,,"3","1",2023-10-04,
126,2023-10-04 16:21:10,2023-10-04 16:22:03,58027410,"2023-02","Acer rubrum","20100046*07",,,,,,,,,,,"35","10",2023-10-04,
127,2023-10-04 16:22:07,2023-10-04 16:22:52,58027410,"2023-02","Acer rubrum","20100046*08",,,,,,,,,,,"25","15",2023-10-05,
128,2023-10-04 16:26:38,2023-10-04 16:28:10,50522175,"2023-01","Acer saccharum",,"CC4694*01",,,,,,,,,,"30","25",2023-10-04,
129,2023-10-04 16:32:54,2023-10-04 16:34:12,50522175,"2023-01","Metasequoia glyptostroboides",,,,,"20060244*04",,,,,,,"0","0",2023-10-04,
130,2023-10-04 16:42:43,2023-10-04 16:44:11,45278658,"2023-01","Ulmus americana",,,,,,,,,,,"CC6249*01","30","15",2023-10-04,
131,2023-10-04 16:44:25,2023-10-04 16:45:25,45278658,"2023-01","Fagus grandifolia/sylvatica",,,,"CC1623*01",,,,,,,,"0","10",2023-10-04,
132,2023-10-04 16:58:48,2023-10-04 17:00:11,49145780,"2023-01","Ostrya virginiana",,,,,,"20090257*03",,,,,,"60","40",2023-10-04,
133,2023-10-04 17:00:17,2023-10-04 17:01:35,49145780,"2023-01","Quercus rubra",,,,,,,,,,"94N379*17",,"5","10",2023-10-04,
134,2023-10-04 17:01:41,2023-10-04 17:03:12,49145780,"2023-01","Ostrya virginiana",,,,,,"20090257*03",,,,,,"45","25",2023-09-27,
135,2023-10-04 17:03:18,2023-10-04 17:04:16,49145780,"2023-01","Quercus rubra",,,,,,,,,,"94N379*17",,"5","5",2023-09-27,
136,2023-10-04 17:05:49,2023-10-04 17:09:26,95850357,"2023-01","Fagus grandifolia/sylvatica",,,,"CC0255*01",,,,,,,,"40","10",2023-10-04,"N/A"
137,2023-10-04 17:09:39,2023-10-04 17:13:29,95850357,"2023-01","Platanus occidentalis",,,,,,,,"CC5484*03",,,,"70","20",2023-10-04,"N/A"
138,2023-10-04 17:14:01,2023-10-04 17:16:02,96638923,"2023-02","Ulmus americana",,,,,,,,,,,"CC5425*16","2","0",2023-10-02,
139,2023-10-04 17:17:06,2023-10-04 17:17:36,96638923,"2023-02","Ostrya virginiana",,,,,,"20090257*07",,,,,,"4","0",2023-10-02,
140,2023-10-04 17:53:54,2023-10-04 17:54:42,62096945,"2023-02","Ostrya virginiana",,,,,,"20090257*06",,,,,,"60","30",2023-10-04,
141,2023-10-04 17:54:59,2023-10-04 17:55:47,62096945,"2023-02","Ostrya virginiana",,,,,,"20090257*07",,,,,,"10","10",2023-10-04,
142,2023-10-04 17:53:50,2023-10-04 17:55:50,87430514,"2023-02","Cornus florida",,,"CC1849*01",,,,,,,,,"97","15",2023-10-04,
143,2023-10-04 17:53:33,2023-10-04 17:57:50,87430514,"2023-02","Ostrya virginiana",,,,,,"20070191*03",,,,,,"15","5",2023-10-02,
144,2023-10-04 18:04:56,2023-10-04 18:06:00,27885594,"2023-01","Quercus alba",,,,,,,,,"CC6631*01",,,"20","20",2023-10-04,
145,2023-10-04 18:08:58,2023-10-04 18:09:19,27885594,"2023-01","Acer rubrum","CC2943*03",,,,,,,,,,,"10","20",2023-10-04,
146,2023-10-04 20:09:20,2023-10-04 20:11:56,41983333,"2023-02","Ostrya virginiana",,,,,,"20090257*04",,,,,,"45","40",2023-10-04,
147,2023-10-04 20:12:04,2023-10-04 20:15:21,41983333,"2023-02","Ostrya virginiana",,,,,,"20090257*02",,,,,,"60","45",2023-10-04,
148,2023-10-04 20:55:28,2023-10-04 20:59:42,19448765,"2023-02","Ostrya virginiana",,,,,,"CC1648*01",,,,,,"40","30",2023-10-04,
149,2023-10-04 20:59:46,2023-10-04 21:00:45,19448765,"2023-02","Ostrya virginiana",,,,,,"CC1320*01",,,,,,"60","40",2023-10-03,
150,2023-10-04 21:12:04,2023-10-04 21:12:40,63662204,"2023-02","Acer rubrum","20100048*07",,,,,,,,,,,"5","5",2023-10-04,
151,2023-10-04 21:12:44,2023-10-04 21:13:45,63662204,"2023-02","Acer rubrum","20100048*09",,,,,,,,,,,"0","0",2023-10-04,
152,2023-10-04 22:02:47,2023-10-04 22:04:17,82202403,"2023-01","Acer saccharum",,"CC6527*01",,,,,,,,,,"20","10",2023-10-04,
153,2023-10-04 22:04:22,2023-10-04 22:05:52,82202403,"2023-01","Ulmus americana",,,,,,,,,,,"CC6546*02","5","1",2023-10-04,
154,2023-10-04 22:06:05,2023-10-04 22:06:18,31971449,"2023-01","Acer rubrum","CC2943*02",,,,,,,,,,,"7","2",2023-10-04,
155,2023-10-04 23:44:04,2023-10-04 23:44:51,77537874,"2023-02","Cornus florida",,,"20160323*01",,,,,,,,,"50","0",2023-10-04,
156,2023-10-04 23:44:54,2023-10-04 23:45:48,77537874,"2023-02","Fagus grandifolia/sylvatica",,,,"CC0139*01",,,,,,,,"12","8",2023-10-04,
157,2023-10-05 10:02:50,2023-10-05 10:03:49,32896983,"2023-01","Ulmus americana",,,,,,,,,,,"CC6943*01","40","5",2023-10-05,
158,2023-10-05 10:03:54,2023-10-05 10:04:38,32896983,"2023-01","Quercus alba",,,,,,,,,"CC4955*03",,,"50","10",2023-10-05,
159,2023-10-05 10:54:31,2023-10-05 10:56:20,30337271,"2023-01","Ulmus americana",,,,,,,,,,,"CC4656*01","40","20",2023-10-05,
160,2023-10-05 11:00:55,2023-10-05 11:03:33,63132242,"2023-01","Ulmus americana",,,,,,,,,,,"CC6397*02","7","10",2023-10-05,
161,2023-10-05 11:03:38,2023-10-05 11:04:23,63132242,"2023-01","Acer saccharum",,"CC6403*01",,,,,,,,,,"10","8",2023-10-05,
162,2023-10-05 11:14:51,2023-10-05 11:16:36,53050969,"2023-01","Ulmus americana",,,,,,,,,,,"CC6416*01","15","16",2023-10-05,
163,2023-10-05 11:16:40,2023-10-05 11:17:50,53050969,"2023-01","Acer saccharum",,"CC6527*01",,,,,,,,,,"22","16",2023-10-05,
164,2023-10-05 12:07:41,2023-10-05 12:10:20,49374898,"2023-02","Acer rubrum","CC1719*02",,,,,,,,,,,"10","5",2023-10-04,
165,2023-10-05 12:11:09,2023-10-05 12:13:05,49374898,"2023-02","Acer saccharum",,"CC5899*02",,,,,,,,,,"20","10",2023-10-04,
166,2023-10-05 12:43:35,2023-10-05 12:44:46,12250604,"2023-01","Metasequoia glyptostroboides",,,,,"CC3963*01",,,,,,,"5","0",2023-10-02,
167,2023-10-05 12:44:50,2023-10-05 12:45:32,12250604,"2023-01","Cornus florida",,,"CC1720*01",,,,,,,,,"15","5",2023-10-02,
168,2023-10-05 13:57:09,2023-10-05 13:58:00,21031489,"2023-01","Ulmus americana",,,,,,,,,,,"CC5459*02","5","0",2023-10-05,
169,2023-10-05 13:58:06,2023-10-05 13:58:41,21031489,"2023-01","Pinus strobus",,,,,,,"CC4636*02",,,,,"0","0",2023-10-05,
170,2023-10-05 14:17:21,2023-10-05 14:20:20,94444991,"2023-01","Fagus grandifolia/sylvatica",,,,"CC6328*01",,,,,,,,"0","5",2023-10-05,
171,2023-10-05 14:20:32,2023-10-05 14:21:50,94444991,"2023-01","Quercus alba",,,,,,,,,"CC6390*01",,,"5","0",2023-10-05,
172,2023-10-05 14:56:55,2023-10-05 14:58:02,15365918,"2023-01","Quercus rubra",,,,,,,,,,"NN0749*01",,"5","0",2023-10-05,
173,2023-10-05 14:58:10,2023-10-05 14:58:51,15365918,"2023-01","Quercus rubra",,,,,,,,,,"NN0748*01",,"20","7",2023-10-05,
174,2023-10-05 14:59:40,2023-10-05 15:01:38,10200288,"2023-02","Quercus rubra",,,,,,,,,,"98P021*03",,"6","2.5",2023-10-05,
175,2023-10-05 15:01:45,2023-10-05 15:02:47,10200288,"2023-02","Quercus rubra",,,,,,,,,,"CC0286*01",,"15","25",2023-10-05,
176,2023-10-05 16:28:55,2023-10-05 16:29:58,42353711,"2023-01","Ulmus americana",,,,,,,,,,,"CC5459*02","8","4",2023-10-05,
177,2023-10-05 16:30:02,2023-10-05 16:31:02,42353711,"2023-01","Quercus alba",,,,,,,,,"CC4955*03",,,"1","2",2023-10-05,
178,2023-10-05 17:59:42,2023-10-05 18:03:52,18327912,"2023-01","Fagus grandifolia/sylvatica",,,,"CC1623*01",,,,,,,,"2","1",2023-10-05,
179,2023-10-05 18:03:59,2023-10-05 18:05:31,18327912,"2023-01","Quercus alba",,,,,,,,,"CC6631*01",,,"20","10",2023-10-05,
180,2023-10-05 18:13:49,2023-10-05 18:14:48,25179325,"2023-01","Quercus rubra",,,,,,,,,,"20080059*15",,"3","5",2023-10-05,"NONE"
181,2023-10-05 18:14:53,2023-10-05 18:15:46,25179325,"2023-01","Ulmus americana",,,,,,,,,,,"CC4656*01","8","10",2023-10-02,"NONE"
182,2023-10-05 19:00:53,2023-10-05 19:01:39,37035790,"2023-01","Quercus rubra",,,,,,,,,,"NN0749*01",,"25","30",2023-10-05,
183,2023-10-05 19:01:43,2023-10-05 19:02:15,37035790,"2023-01","Quercus rubra",,,,,,,,,,"CC0288*01",,"35","30",2023-10-05,
184,2023-10-05 20:56:21,2023-10-05 20:58:33,45842361,"2023-01","Fagus grandifolia/sylvatica",,,,"CC0302*01",,,,,,,,"3","3",2023-10-04,
185,2023-10-05 20:58:43,2023-10-05 20:59:28,45842361,"2023-01","Quercus rubra",,,,,,,,,,"98P021*03",,"3","4",2023-10-04,
186,2023-10-05 21:41:02,2023-10-05 21:45:55,83014726,"2023-02","Platanus occidentalis",,,,,,,,"CC9222*01",,,,"5","0",2023-10-04,
187,2023-10-05 21:45:59,2023-10-05 21:46:42,83014726,"2023-02","Platanus occidentalis",,,,,,,,"CC4349*02",,,,"5","0",2023-10-04,
188,2023-10-05 21:45:01,2023-10-05 21:47:38,65646184,"2023-02","Quercus alba",,,,,,,,,"CC6631*01",,,"10","10",2023-10-01,
189,2023-10-05 21:47:46,2023-10-05 21:49:39,65646184,"2023-02","Quercus alba",,,,,,,,,"CC6651*01",,,"10","10",2023-10-01,
190,2023-10-05 22:54:19,2023-10-05 22:55:46,60839595,"2023-01","Acer saccharum",,"CC6530*01",,,,,,,,,,"7","8",2023-10-05,
191,2023-10-05 22:55:50,2023-10-05 22:57:11,60839595,"2023-01","Quercus alba",,,,,,,,,"CC4955*02",,,"10","0",2023-10-05,
192,2023-10-05 23:50:50,2023-10-05 23:52:53,13581166,"2023-01","Quercus alba",,,,,,,,,"CC0239*01",,,"15","5",2023-10-05,"Raining"
193,2023-10-05 23:52:59,2023-10-05 23:54:11,13581166,"2023-01","Fagus grandifolia/sylvatica",,,,"20130268*01",,,,,,,,"5","0",2023-10-05,"Raining
"
194,2023-10-06 07:37:05,2023-10-06 07:40:30,18464272,"2023-02","Ulmus americana",,,,,,,,,,,"CC5459*02","4","4",2023-10-06,
195,2023-10-06 07:40:35,2023-10-06 07:41:14,18464272,"2023-02","Ulmus americana",,,,,,,,,,,"CC5459*03","6","3",2023-10-06,
196,2023-10-06 09:11:31,2023-10-06 09:12:46,61357962,"2023-01","Ostrya virginiana",,,,,,"CC9244*01",,,,,,"10","0",2023-10-06,
197,2023-10-06 09:16:36,2023-10-06 09:17:42,70994004,"2023-01","Ulmus americana",,,,,,,,,,,"CC4662*01","5","15",2023-10-06,"Some leaves are turning yellow but they are primally just dying and falling off not changing color"
198,2023-10-06 09:17:49,2023-10-06 09:20:53,70994004,"2023-01","Fagus grandifolia/sylvatica",,,,"CC1245*01",,,,,,,,"3","5",2023-10-06,"They is barely any change occurring on this tree. No change in color and very few leaves falling off primarily due to intense weather"
199,2023-10-06 11:01:31,2023-10-06 11:04:01,32456506,"2023-01","Quercus rubra",,,,,,,,,,"NN0748*01",,"1","1",2023-10-06,
200,2023-10-06 11:11:16,2023-10-06 11:12:57,32456506,"2023-01","Ostrya virginiana",,,,,,"20090257*01",,,,,,"40","32",2023-10-06,
201,2023-10-06 11:29:30,2023-10-06 11:30:42,30792046,"2023-02","Fagus grandifolia/sylvatica",,,,"CC0242*01",,,,,,,,"10","20",2023-10-06,
202,2023-10-06 11:30:45,2023-10-06 11:31:29,30792046,"2023-02","Platanus occidentalis",,,,,,,,"CC0402*01",,,,"10","10",2023-10-06,
203,2023-10-06 11:35:28,2023-10-06 11:36:47,20095387,"2023-01","Ulmus americana",,,,,,,,,,,"CC6249*01","3","2",2023-10-04,
204,2023-10-06 11:36:51,2023-10-06 11:38:07,20095387,"2023-01","Acer saccharum",,"CC6394*01",,,,,,,,,,"20","10",2023-10-04,
205,2023-10-06 11:37:47,2023-10-06 11:40:02,12385248,"2023-02","Acer rubrum","CC1719*01",,,,,,,,,,,"15","5",2023-10-02,
206,2023-10-06 11:40:05,2023-10-06 11:40:48,12385248,"2023-02","Metasequoia glyptostroboides",,,,,"CC1024*01",,,,,,,"5","0",2023-10-02,
207,2023-10-06 11:48:05,2023-10-06 11:49:48,25082550,"2023-02","Cornus florida",,,"CC7298*01",,,,,,,,,"90","15",2023-10-06,
208,2023-10-06 11:49:52,2023-10-06 11:51:17,25082550,"2023-02","Cornus florida",,,"CC7298*02",,,,,,,,,"90","15",2023-10-06,
209,2023-10-06 12:00:47,2023-10-06 12:01:34,66785167,"2023-02","Ulmus americana",,,,,,,,,,,"CC6270*01","5","3",2023-10-06,
210,2023-10-06 12:03:23,2023-10-06 12:05:22,66785167,"2023-02","Ulmus americana",,,,,,,,,,,"CC6397*02","5","5",2023-10-06,
211,2023-10-06 12:23:01,2023-10-06 12:26:35,45533151,"2023-01","Ulmus americana",,,,,,,,,,,"CC6405*01","1","1",2023-10-03,"N/A"
212,2023-10-06 12:26:40,2023-10-06 12:27:12,45533151,"2023-01","Ulmus americana",,,,,,,,,,,"CC6283*01","1","1",2023-10-03,"N/A"
213,2023-10-06 12:29:26,2023-10-06 12:31:19,45359892,"2023-02","Ostrya virginiana",,,,,,"20070191*03",,,,,,"28","15",2023-10-05,
214,2023-10-06 12:31:23,2023-10-06 12:32:31,45359892,"2023-02","Ostrya virginiana",,,,,,"20070191*04",,,,,,"25","15",2023-10-05,
215,2023-10-06 12:50:15,2023-10-06 12:51:59,40006570,"2023-02","Ostrya virginiana",,,,,,"CC1320*01",,,,,,"20","0",2023-10-06,
216,2023-10-06 12:49:16,2023-10-06 12:52:23,87006333,"2023-01","Platanus occidentalis",,,,,,,,"CC5484*03",,,,"6","0",2023-10-02,
217,2023-10-06 12:52:26,2023-10-06 12:53:46,87006333,"2023-01","Pinus strobus",,,,,,,"CC4676*01",,,,,"12","0",2023-10-02,
218,2023-10-06 12:59:37,2023-10-06 13:01:13,42708911,"2023-01","Pinus strobus",,,,,,,"CC5067*02",,,,,"0","0",2023-10-06,
219,2023-10-06 13:01:16,2023-10-06 13:03:17,42708911,"2023-01","Ostrya virginiana",,,,,,"20090257*07",,,,,,"45","30",2023-10-06,
220,2023-10-06 13:02:21,2023-10-06 13:04:57,39944138,"2023-02","Ulmus americana",,,,,,,,,,,"CC6546*02","20","5",2023-10-06,
221,2023-10-06 13:05:01,2023-10-06 13:06:24,39944138,"2023-02","Metasequoia glyptostroboides",,,,,"20060244*04",,,,,,,"0","0",2023-10-06,
222,2023-10-06 13:16:58,2023-10-06 13:28:55,71140430,"2023-01","Platanus occidentalis",,,,,,,,"CC2662*02",,,,"40","30",2023-10-06,"The tree is starting to loose more leaves and the leaves are starting to change from the darker green that they have been to browns/oranges."
223,2023-10-06 13:29:03,2023-10-06 13:30:38,71140430,"2023-01","Metasequoia glyptostroboides",,,,,"CC4184*01",,,,,,,"35","35",2023-10-06,"The leaves on this tree are beginning to turn brown on the bottoms and some of the ""pins"" of leaves have began to fall off."
224,2023-10-06 13:32:13,2023-10-06 13:36:10,15158970,"2023-01","Ostrya virginiana",,,,,,"20070191*03",,,,,,"10","10",2023-10-05,
225,2023-10-06 13:36:32,2023-10-06 13:37:43,15158970,"2023-01","Quercus rubra",,,,,,,,,,"94N379*07",,"2","2",2023-10-05,
226,2023-10-06 13:37:43,2023-10-06 13:41:22,49846450,"2023-01","Fagus grandifolia/sylvatica",,,,"CC1245*01",,,,,,,,"3","5",2023-10-06,
227,2023-10-06 14:40:48,2023-10-06 14:42:06,37508877,"2023-01","Ostrya virginiana",,,,,,"20070191*04",,,,,,"30","10",2023-10-04,
228,2023-10-06 14:42:11,2023-10-06 14:42:41,37508877,"2023-01","Metasequoia glyptostroboides",,,,,"CC4185*01",,,,,,,"10","5",2023-10-04,
229,2023-10-06 15:05:39,2023-10-06 15:06:21,70898702,"2023-02","Quercus alba",,,,,,,,,"20050360*10",,,"10","4",2023-10-06,
230,2023-10-06 15:06:32,2023-10-06 15:07:09,70898702,"2023-02","Quercus alba",,,,,,,,,"CC0234*01",,,"3","2",2023-10-06,
231,2023-10-06 15:10:59,2023-10-06 15:12:24,56461946,"2023-01","Acer rubrum","20100048*07",,,,,,,,,,,"10","5",2023-10-04,
232,2023-10-06 15:12:33,2023-10-06 15:13:33,56461946,"2023-01","Quercus rubra",,,,,,,,,,"CC2536*01",,"20","0",2023-10-04,
233,2023-10-06 15:17:26,2023-10-06 15:18:34,76022962,"2023-01","Ulmus americana",,,,,,,,,,,"CC5459*03","10","2",2023-10-06,
234,2023-10-06 15:18:41,2023-10-06 15:19:45,76022962,"2023-01","Metasequoia glyptostroboides",,,,,"CC1126*01",,,,,,,"2","0",2023-10-06,
235,2023-10-06 15:23:49,2023-10-06 15:25:20,38765310,"2023-01","Ostrya virginiana",,,,,,"20070191*01",,,,,,"50","40",2023-10-05,
236,2023-10-06 15:25:22,2023-10-06 15:25:54,38765310,"2023-01","Ostrya virginiana",,,,,,"20070191*04",,,,,,"30","10",2023-10-05,
237,2023-10-06 15:33:17,2023-10-06 15:35:30,24844847,"2023-02","Metasequoia glyptostroboides",,,,,"CC4185*01",,,,,,,"2","0",2023-10-06,
238,2023-10-06 15:40:26,2023-10-06 15:41:26,71916746,"2023-01","Metasequoia glyptostroboides",,,,,"CC0074*01",,,,,,,"1","1",2023-10-06,
239,2023-10-06 15:42:40,2023-10-06 15:43:15,24844847,"2023-02","Acer rubrum","20100046*07",,,,,,,,,,,"75","8",2023-10-06,
240,2023-10-06 15:40:15,2023-10-06 15:43:48,58917831,"2023-02","Pinus strobus",,,,,,,"98P136*01",,,,,"35","10",2023-10-03,
241,2023-10-06 15:43:51,2023-10-06 15:45:28,58917831,"2023-02","Pinus strobus",,,,,,,"CC5067*02",,,,,"35","12",2023-10-03,
242,2023-10-06 15:41:33,2023-10-06 15:49:57,71916746,"2023-01","Fagus grandifolia/sylvatica",,,,"CC0169*01",,,,,,,,"1","1",2023-10-06,
243,2023-10-06 15:52:48,2023-10-06 15:53:57,13881910,"2023-01","Ulmus americana",,,,,,,,,,,"CC6249*01","10","20",2023-10-06,
244,2023-10-06 15:54:01,2023-10-06 15:54:59,13881910,"2023-01","Ulmus americana",,,,,,,,,,,"CC6405*01","10","20",2023-10-06,
245,2023-10-06 16:16:01,2023-10-06 16:43:19,22530096,"2023-01","Acer rubrum","CC6250*01",,,,,,,,,,,"2","7",2023-10-02,
246,2023-10-06 16:43:24,2023-10-06 16:44:56,22530096,"2023-01","Acer saccharum",,"CC6259*04",,,,,,,,,,"15","10",2023-10-02,
247,2023-10-06 16:44:55,2023-10-06 16:46:31,43641781,"2023-01","Ulmus americana",,,,,,,,,,,"CC6397*02","20","15",2023-10-06,
248,2023-10-06 16:46:36,2023-10-06 16:47:15,43641781,"2023-01","Acer saccharum",,"CC6403*01",,,,,,,,,,"7","10",2023-10-06,
249,2023-10-06 16:52:00,2023-10-06 16:53:15,72888038,"2023-02","Platanus occidentalis",,,,,,,,"CC0370*01",,,,"5","10",2023-10-06,
250,2023-10-06 16:53:20,2023-10-06 16:54:10,72888038,"2023-02","Metasequoia glyptostroboides",,,,,"CC0357*01",,,,,,,"0","0",2023-10-06,
251,2023-10-06 17:05:59,2023-10-06 17:09:44,73831089,"2023-02","Acer rubrum","CC2943*01",,,,,,,,,,,"20","5",2023-10-06,
252,2023-10-06 17:10:04,2023-10-06 17:11:06,73831089,"2023-02","Acer rubrum","CC2943*02",,,,,,,,,,,"5","0",2023-10-06,
253,2023-10-06 17:45:36,2023-10-06 17:46:37,78335000,"2023-02","Acer saccharum",,"CC1032*01",,,,,,,,,,"5","5",2023-10-05,
254,2023-10-06 17:46:43,2023-10-06 17:48:06,78335000,"2023-02","Acer saccharum",,"CC4331*01",,,,,,,,,,"15","10",2023-10-05,
255,2023-10-06 18:00:43,2023-10-06 18:15:26,61357962,"2023-01","Pinus strobus",,,,,,,"CC5067*02",,,,,"6","1",2023-10-06,
256,2023-10-06 18:40:04,2023-10-06 18:41:44,61593025,"2023-02","Fagus grandifolia/sylvatica",,,,"CC0169*01",,,,,,,,"98","1",2023-10-05,
257,2023-10-06 18:41:49,2023-10-06 18:42:43,61593025,"2023-02","Fagus grandifolia/sylvatica",,,,"CC0182*01",,,,,,,,"95","2",2023-10-05,
258,2023-10-06 19:12:13,2023-10-06 19:13:53,20496284,"2023-01","Acer rubrum","CC1719*02",,,,,,,,,,,"5","0",2023-10-02,
259,2023-10-06 19:13:57,2023-10-06 19:15:05,20496284,"2023-01","Acer rubrum","CC1719*01",,,,,,,,,,,"5","0",2023-10-02,
260,2023-10-06 19:45:10,2023-10-06 19:46:30,94816217,"2023-02","Acer saccharum",,"CC4423*01",,,,,,,,,,"20","10",2023-10-06,
261,2023-10-06 19:46:36,2023-10-06 19:47:01,94816217,"2023-02","Acer saccharum",,"CC4694*01",,,,,,,,,,"30","20",2023-10-06,
262,2023-10-06 20:35:09,2023-10-06 20:35:52,45668195,"2023-01","Metasequoia glyptostroboides",,,,,"CC3963*01",,,,,,,"30","0",2023-10-06,
263,2023-10-06 20:34:29,2023-10-06 20:37:14,72645296,"2023-01","Quercus alba",,,,,,,,,"20050360*10",,,"5","1",2023-10-06,
264,2023-10-06 20:36:35,2023-10-06 20:37:50,45668195,"2023-01","Quercus alba",,,,,,,,,"CC4955*03",,,"10","0",2023-10-06,
265,2023-10-06 20:37:18,2023-10-06 20:38:17,72645296,"2023-01","Quercus alba",,,,,,,,,"CC0253*01",,,"0","0",2023-10-06,
266,2023-10-06 21:14:37,2023-10-06 21:20:46,39085493,"2023-01","Cornus florida",,,"CC7298*01",,,,,,,,,"60","70",2023-10-06,
267,2023-10-06 21:36:51,2023-10-06 21:41:57,39085493,"2023-01","Cornus florida",,,"CC7298*02",,,,,,,,,"85","45",2023-10-06,
268,2023-10-07 00:00:27,2023-10-07 00:01:48,75458794,"2023-01","Metasequoia glyptostroboides",,,,,"20060244*12",,,,,,,"0","0",2023-10-04,
269,2023-10-07 00:01:52,2023-10-07 00:05:23,75458794,"2023-01","Metasequoia glyptostroboides",,,,,"20060244*07",,,,,,,"0","0",2023-10-04,
270,2023-10-07 01:49:18,2023-10-07 01:49:30,17551800,"2023-01","Platanus occidentalis",,,,,,,,"CC9222*01",,,,"17","25",2023-10-06,
271,2023-10-07 01:49:36,2023-10-07 01:50:08,17551800,"2023-01","Platanus occidentalis",,,,,,,,"CC4349*02",,,,"14","18",2023-10-06,
272,2023-10-07 08:28:16,2023-10-07 08:30:37,88822914,"2023-01","Ulmus americana",,,,,,,,,,,"CC4653*01","4","10",2023-10-04,
273,2023-10-07 08:30:43,2023-10-07 08:32:58,88822914,"2023-01","Ulmus americana",,,,,,,,,,,"CC4662*01","8","5",2023-10-04,
274,2023-10-07 10:05:39,2023-10-07 10:06:38,72414607,"2023-01","Pinus strobus",,,,,,,"CC5067*01",,,,,"0","0",2023-10-07,
275,2023-10-07 10:06:46,2023-10-07 10:07:39,72414607,"2023-01","Ulmus americana",,,,,,,,,,,"CC6943*01","10","2",2023-10-06,
276,2023-10-07 11:31:51,2023-10-07 11:37:30,89351959,"2023-02","Metasequoia glyptostroboides",,,,,"CC0074*01",,,,,,,"3","0",2023-10-06,
277,2023-10-07 11:37:40,2023-10-07 11:38:24,89351959,"2023-02","Fagus grandifolia/sylvatica",,,,"CC0190*01",,,,,,,,"5","5",2023-10-06,
278,2023-10-07 13:01:10,2023-10-07 13:42:36,83950142,"2023-01","Acer rubrum","CC2943*01",,,,,,,,,,,"20","3",2023-10-07,"Still a good amount of green but it is slowly starting to fade."
279,2023-10-07 13:42:41,2023-10-07 13:44:57,83950142,"2023-01","Cornus florida",,,"CC2938*01",,,,,,,,,"0","1",2023-10-07,"Still green, a very little amount of leaves have fallen off of the tree."
280,2023-10-07 13:52:18,2023-10-07 13:53:47,73502483,"2023-02","Cornus florida",,,"CC1720*01",,,,,,,,,"5","10",2023-10-06,
281,2023-10-07 13:53:58,2023-10-07 13:55:02,73502483,"2023-02","Cornus florida",,,"CC1720*02",,,,,,,,,"15","5",2023-10-06,
282,2023-10-07 15:59:51,2023-10-07 16:00:36,15563093,"2023-01","Fagus grandifolia/sylvatica",,,,"20130268*03",,,,,,,,"2","0",2023-10-05,
283,2023-10-07 16:00:40,2023-10-07 16:01:31,15563093,"2023-01","Ulmus americana",,,,,,,,,,,"CC4656*01","15","8",2023-10-05,
284,2023-10-07 16:41:55,2023-10-07 16:43:08,14538748,"2023-01","Cornus florida",,,"CC6272*01",,,,,,,,,"20","10",2023-10-06,
285,2023-10-07 16:49:36,2023-10-07 16:49:51,14538748,"2023-01","Ulmus americana",,,,,,,,,,,"CC6270*01","7","10",2023-10-06,
286,2023-10-07 16:50:46,2023-10-07 16:53:16,94068899,"2023-01","Acer rubrum","20100048*09",,,,,,,,,,,"5","2",2023-10-05,
287,2023-10-07 17:01:24,2023-10-07 17:03:02,45171555,"2023-01","Fagus grandifolia/sylvatica",,,,"CC0139*01",,,,,,,,"10","15",2023-10-06,
288,2023-10-07 16:53:52,2023-10-07 17:03:25,94068899,"2023-01","Quercus rubra",,,,,,,,,,"NN0748*01",,"60","8",2023-10-05,
289,2023-10-07 17:03:07,2023-10-07 17:04:02,45171555,"2023-01","Metasequoia glyptostroboides",,,,,"CC1024*01",,,,,,,"2","0",2023-10-06,
290,2023-10-07 18:01:11,2023-10-07 18:03:54,16417177,"2023-01","Platanus occidentalis",,,,,,,,"CC2662*02",,,,"15","7",2023-10-06,
291,2023-10-07 18:04:00,2023-10-07 18:05:57,16417177,"2023-01","Quercus rubra",,,,,,,,,,"94N379*07",,"8","4",2023-10-06,
292,2023-10-07 18:09:33,2023-10-07 18:17:19,78843901,"2023-01","Fagus grandifolia/sylvatica",,,,"CC0242*01",,,,,,,,"5","5",2023-10-07,
293,2023-10-07 18:19:22,2023-10-07 18:20:23,94017914,"2023-02","Ostrya virginiana",,,,,,"CC1320*01",,,,,,"70","50",2023-10-07,
294,2023-10-07 18:20:50,2023-10-07 18:21:45,94017914,"2023-02","Ulmus americana",,,,,,,,,,,"CC6546*02","30","30",2023-10-06,
295,2023-10-07 18:37:48,2023-10-07 18:39:20,29139568,"2023-01","Fagus grandifolia/sylvatica",,,,"CC0169*01",,,,,,,,"0","0",2023-10-05,
296,2023-10-07 18:39:24,2023-10-07 18:40:31,29139568,"2023-01","Platanus occidentalis",,,,,,,,"CC0402*01",,,,"8","0",2023-10-05,
297,2023-10-07 19:15:39,2023-10-07 19:19:02,79784679,"2023-01","Metasequoia glyptostroboides",,,,,"CC1024*01",,,,,,,"5","20",2023-10-07,"A couple small branches on the ground, probably due to wind and other weather conditions"
298,2023-10-07 19:20:13,2023-10-07 19:21:02,97857603,"2023-02","Platanus occidentalis",,,,,,,,"CC2662*01",,,,"10","1",2023-10-04,
299,2023-10-07 19:21:11,2023-10-07 19:21:44,97857603,"2023-02","Platanus occidentalis",,,,,,,,"CC2662*02",,,,"10","2",2023-10-04,
300,2023-10-07 19:19:49,2023-10-07 19:24:13,79784679,"2023-01","Fagus grandifolia/sylvatica",,,,"CC0255*01",,,,,,,,"20","25",2023-10-07,"A couple  branches broken on the tree, probably due to weather"
301,2023-10-07 20:01:18,2023-10-07 20:01:56,20131231,"2023-02","Metasequoia glyptostroboides",,,,,"20080508*01",,,,,,,"80","15",2023-10-06,
302,2023-10-07 20:01:59,2023-10-07 20:02:45,20131231,"2023-02","Metasequoia glyptostroboides",,,,,"CC1024*01",,,,,,,"0","2",2023-10-06,
303,2023-10-07 20:02:03,2023-10-07 20:03:37,88576438,"2023-02","Acer rubrum","CC8185*03",,,,,,,,,,,"7","3",2023-10-07,
304,2023-10-07 20:03:41,2023-10-07 20:04:10,88576438,"2023-02","Cornus florida",,,"CC7298*02",,,,,,,,,"7","0",2023-10-07,
305,2023-10-07 20:39:30,2023-10-07 20:42:20,32747109,"2023-02","Acer rubrum","CC6250*01",,,,,,,,,,,"0","0",2023-10-06,
306,2023-10-07 20:42:27,2023-10-07 20:43:58,32747109,"2023-02","Acer saccharum",,"CC6259*01",,,,,,,,,,"6","0",2023-10-06,
307,2023-10-07 21:38:22,2023-10-07 21:39:03,52508964,"2023-02","Quercus alba",,,,,,,,,"CC4955*01",,,"5","20",2023-10-07,
308,2023-10-07 21:39:07,2023-10-07 21:39:37,52508964,"2023-02","Quercus alba",,,,,,,,,"CC4955*02",,,"5","20",2023-10-07,
309,2023-10-07 22:07:20,2023-10-07 22:54:58,83216765,"2023-01","Cornus florida",,,"CC7298*02",,,,,,,,,"35","15",2023-10-05,
310,2023-10-07 22:55:09,2023-10-07 22:56:01,83216765,"2023-01","Fagus grandifolia/sylvatica",,,,"CC0255*01",,,,,,,,"25","15",2023-10-05,
311,2023-10-07 23:24:46,2023-10-07 23:26:51,31163352,"2023-01","Metasequoia glyptostroboides",,,,,"20000146*03",,,,,,,"0","0",2023-10-06,"N/a."
312,2023-10-07 23:26:56,2023-10-07 23:28:36,31163352,"2023-01","Acer rubrum","20100048*12",,,,,,,,,,,"4","0",2023-10-06,"N/a."
313,2023-10-07 23:42:58,2023-10-07 23:44:10,88331344,"2023-01","Quercus alba",,,,,,,,,"CC0314*01",,,"7","4",2023-10-03,
314,2023-10-07 23:44:16,2023-10-07 23:45:06,88331344,"2023-01","Ulmus americana",,,,,,,,,,,"CC5425*16","12","7",2023-10-04,
315,2023-10-07 23:49:42,2023-10-07 23:53:14,40867621,"2023-01","Metasequoia glyptostroboides",,,,,"CC4185*01",,,,,,,"10","3",2023-10-05,
316,2023-10-07 23:53:18,2023-10-07 23:54:08,40867621,"2023-01","Platanus occidentalis",,,,,,,,"CC2662*02",,,,"30","20",2023-10-05,
317,2023-10-07 23:57:25,2023-10-07 23:58:42,48545991,"2023-01","Acer rubrum","CC1719*02",,,,,,,,,,,"2","0",2023-10-06,
318,2023-10-07 23:58:45,2023-10-07 23:59:48,48545991,"2023-01","Ostrya virginiana",,,,,,"CC9244*01",,,,,,"7","3",2023-10-06,
319,2023-10-08 01:04:02,2023-10-08 01:05:42,68238490,"2023-01","Ulmus americana",,,,,,,,,,,"CC5425*16","10","2",2023-10-04,
320,2023-10-08 01:05:47,2023-10-08 01:07:52,68238490,"2023-01","Cornus florida",,,"CC1720*03",,,,,,,,,"30","25",2023-10-11,
321,2023-10-08 08:07:17,2023-10-08 08:08:49,40006570,"2023-02","Cornus florida",,,"CC2938*01",,,,,,,,,"17","5",2023-10-08,
322,2023-10-08 11:58:52,2023-10-08 12:01:00,72241799,"2023-02","Pinus strobus",,,,,,,"CC4611*01",,,,,"20","5",2023-10-04,
323,2023-10-08 12:01:03,2023-10-08 12:01:57,72241799,"2023-02","Pinus strobus",,,,,,,"CC4636*02",,,,,"20","15",2023-10-04,
324,2023-10-08 12:39:50,2023-10-08 12:40:41,98440596,"2023-02","Quercus alba",,,,,,,,,"CC4955*01",,,"20","0",2023-10-08,
325,2023-10-08 12:40:51,2023-10-08 12:41:23,98440596,"2023-02","Quercus alba",,,,,,,,,"CC4955*02",,,"5","0",2023-10-08,
326,2023-10-08 12:50:55,2023-10-08 12:52:50,43173610,"2023-02","Ulmus americana",,,,,,,,,,,"CC6943*01","15","2",2023-10-06,
327,2023-10-08 12:53:00,2023-10-08 12:54:50,43173610,"2023-02","Ulmus americana",,,,,,,,,,,"CC5459*03","20","5",2023-10-06,
328,2023-10-08 12:57:51,2023-10-08 12:58:38,24688390,"2023-02","Fagus grandifolia/sylvatica",,,,"CC0255*01",,,,,,,,"5","3",2023-10-08,
329,2023-10-08 12:58:46,2023-10-08 12:59:19,24688390,"2023-02","Fagus grandifolia/sylvatica",,,,"CC0242*01",,,,,,,,"4","3",2023-10-08,
330,2023-10-08 13:22:46,2023-10-08 13:25:03,15290201,"2023-02","Platanus occidentalis",,,,,,,,"CC1666*01",,,,"10","15",2023-10-06,
331,2023-10-08 13:25:08,2023-10-08 13:26:45,15290201,"2023-02","Platanus occidentalis",,,,,,,,"CC5971*01",,,,"10","15",2023-10-06,
332,2023-10-08 13:39:28,2023-10-08 13:40:36,10935262,"2023-01","Ostrya virginiana",,,,,,"20110263*01",,,,,,"17","18",2023-10-08,
333,2023-10-08 13:40:54,2023-10-08 13:41:43,83247827,"2023-02","Quercus rubra",,,,,,,,,,"98P021*03",,"20","10",2023-10-08,
334,2023-10-08 13:41:47,2023-10-08 13:42:32,83247827,"2023-02","Quercus rubra",,,,,,,,,,"CC0286*01",,"10","10",2023-10-08,
335,2023-10-08 13:41:00,2023-10-08 13:43:58,10935262,"2023-01","Ostrya virginiana",,,,,,"20090303*05",,,,,,"13","21",2023-10-08,
336,2023-10-08 13:54:44,2023-10-08 13:58:27,91442160,"2023-01","Quercus alba",,,,,,,,,"CC6390*01",,,"25","20",2023-10-08,
337,2023-10-08 13:58:37,2023-10-08 14:01:00,91442160,"2023-01","Acer saccharum",,"CC6259*03",,,,,,,,,,"20","10",2023-10-08,
338,2023-10-08 14:28:37,2023-10-08 14:29:22,47840454,"2023-01","Ostrya virginiana",,,,,,"20070191*03",,,,,,"5","5",2023-10-08,
339,2023-10-08 14:29:24,2023-10-08 14:29:58,47840454,"2023-01","Metasequoia glyptostroboides",,,,,"CC3963*01",,,,,,,"0","0",2023-10-08,
340,2023-10-08 14:32:52,2023-10-08 14:34:38,43855999,"2023-01","Quercus alba",,,,,,,,,"CC6390*01",,,"5","5",2023-10-08,
341,2023-10-08 14:34:42,2023-10-08 14:36:20,43855999,"2023-01","Fagus grandifolia/sylvatica",,,,"CC6260*01",,,,,,,,"7","7",2023-10-08,
342,2023-10-08 14:35:36,2023-10-08 14:37:34,65346799,"2023-01","Ulmus americana",,,,,,,,,,,"CC6283*01","3","3",2023-10-07,
343,2023-10-08 14:38:09,2023-10-08 14:39:06,65346799,"2023-01","Ulmus americana",,,,,,,,,,,"CC6405*01","3","3",2023-10-07,
344,2023-10-08 14:38:39,2023-10-08 14:42:11,66759717,"2023-02","Acer saccharum",,"CC5899*02",,,,,,,,,,"40","30",2023-10-08,
345,2023-10-08 14:42:16,2023-10-08 14:43:55,66759717,"2023-02","Cornus florida",,,"CC1720*02",,,,,,,,,"15","0",2023-10-08,
346,2023-10-08 14:50:21,2023-10-08 14:52:03,72563243,"2023-02","Acer rubrum","CC6281*02",,,,,,,,,,,"7","3",2023-10-08,
347,2023-10-08 14:52:07,2023-10-08 14:52:56,72563243,"2023-02","Ulmus americana",,,,,,,,,,,"CC6249*01","3","0",2023-10-08,
348,2023-10-08 14:49:27,2023-10-08 14:53:22,28620297,"2023-01","Quercus alba",,,,,,,,,"CC1059*01",,,"30","5",2023-10-04,
349,2023-10-08 14:53:27,2023-10-08 14:54:35,28620297,"2023-01","Acer saccharum",,"CC4331*01",,,,,,,,,,"75","20",2023-10-04,
350,2023-10-08 14:56:17,2023-10-08 14:57:01,35142626,"2023-02","Metasequoia glyptostroboides",,,,,"CC3963*01",,,,,,,"15","5",2023-10-08,
351,2023-10-08 14:57:07,2023-10-08 14:57:59,35142626,"2023-02","Metasequoia glyptostroboides",,,,,"CC4184*01",,,,,,,"0","5",2023-10-08,
352,2023-10-08 14:43:00,2023-10-08 14:59:25,10741498,"2023-02","Ostrya virginiana",,,,,,"20110263*01",,,,,,"10","5",2023-10-04,
353,2023-10-08 14:59:29,2023-10-08 15:00:44,10741498,"2023-02","Cornus florida",,,"CC2202*01",,,,,,,,,"50","0",2023-10-04,
354,2023-10-08 15:24:36,2023-10-08 15:27:39,93131715,"2023-02","Acer saccharum",,"CC4423*01",,,,,,,,,,"15","12",2023-10-08,
355,2023-10-08 15:27:51,2023-10-08 15:29:36,93131715,"2023-02","Acer saccharum",,"CC4694*01",,,,,,,,,,"20","5",2023-10-08,
356,2023-10-08 15:30:13,2023-10-08 15:31:18,99190825,"2023-01","Quercus alba",,,,,,,,,"CC6631*01",,,"5","5",2023-10-06,
357,2023-10-08 15:32:32,2023-10-08 15:32:53,99190825,"2023-01","Fagus grandifolia/sylvatica",,,,"CC1623*01",,,,,,,,"1","0",2023-10-06,
358,2023-10-08 15:34:17,2023-10-08 15:39:24,15025335,"2023-02","Ulmus americana",,,,,,,,,,,"CC4656*01","50","50",2023-10-08,
359,2023-10-08 15:39:28,2023-10-08 15:40:15,15025335,"2023-02","Ulmus americana",,,,,,,,,,,"CC4653*01","10","10",2023-10-08,
360,2023-10-08 15:38:34,2023-10-08 15:41:13,62730468,"2023-01","Fagus grandifolia/sylvatica",,,,"CC1245*01",,,,,,,,"10","10",2023-10-08,
361,2023-10-08 15:41:16,2023-10-08 15:42:37,62730468,"2023-01","Ulmus americana",,,,,,,,,,,"CC4656*01","40","30",2023-10-08,
362,2023-10-08 15:41:08,2023-10-08 15:46:33,49682893,"2023-02","Ostrya virginiana",,,,,,"20070191*02",,,,,,"0","0",2023-10-08,
363,2023-10-08 15:46:45,2023-10-08 15:48:01,49682893,"2023-02","Platanus occidentalis",,,,,,,,"CC2662*02",,,,"0","0",2023-10-08,
364,2023-10-08 15:58:41,2023-10-08 16:04:44,23965393,"2023-01","Ulmus americana",,,,,,,,,,,"CC6859*01","40","7",2023-10-05,
365,2023-10-08 16:04:56,2023-10-08 16:05:44,23965393,"2023-01","Cornus florida",,,"CC1720*03",,,,,,,,,"100","6",2023-10-05,
366,2023-10-08 16:11:10,2023-10-08 16:14:51,93596554,"2023-02","Quercus rubra",,,,,,,,,,"CC2536*01",,"15","15",2023-10-08,
367,2023-10-08 16:14:45,2023-10-08 16:15:49,69234322,"2023-01","Acer rubrum","20100046*07",,,,,,,,,,,"58","8",2023-10-08,
368,2023-10-08 16:14:55,2023-10-08 16:17:20,93596554,"2023-02","Quercus rubra",,,,,,,,,,"NN0748*01",,"18","10",2023-10-08,
369,2023-10-08 16:15:52,2023-10-08 16:17:36,69234322,"2023-01","Quercus rubra",,,,,,,,,,"CC2536*01",,"4","4",2023-10-08,
370,2023-10-08 16:21:02,2023-10-08 16:22:22,15230140,"2023-01","Cornus florida",,,"CC1849*01",,,,,,,,,"80","10",2023-10-06,
371,2023-10-08 16:21:28,2023-10-08 16:23:34,40423369,"2023-01","Quercus alba",,,,,,,,,"CC0383*01",,,"9","2",2023-10-07,"big rain storm the past 2 days"
372,2023-10-08 16:23:40,2023-10-08 16:24:47,40423369,"2023-01","Platanus occidentalis",,,,,,,,"CC0370*01",,,,"15","9",2023-10-07,"big rain storm the last 2 days"
373,2023-10-08 16:23:50,2023-10-08 16:24:59,15230140,"2023-01","Platanus occidentalis",,,,,,,,"CC1666*01",,,,"10","5",2023-10-06,
374,2023-10-08 16:47:53,2023-10-08 16:49:11,15198469,"2023-02","Acer saccharum",,"CC4333*01",,,,,,,,,,"0.4","0.35",2023-10-08,
375,2023-10-08 16:49:38,2023-10-08 16:52:35,95628481,"2023-02","Cornus florida",,,"CC2202*01",,,,,,,,,"30","10",2023-10-05,
376,2023-10-08 16:53:05,2023-10-08 16:53:42,15198469,"2023-02","Quercus alba",,,,,,,,,"CC1059*01",,,"0.5","0.1",2023-10-08,
377,2023-10-08 16:52:55,2023-10-08 16:53:47,95628481,"2023-02","Platanus occidentalis",,,,,,,,"CC0016*01",,,,"5","5",2023-10-05,
378,2023-10-08 17:01:14,2023-10-08 17:01:51,18413863,"2023-02","Acer saccharum",,"CC6527*01",,,,,,,,,,"50","15",2023-10-06,
379,2023-10-08 17:01:59,2023-10-08 17:02:34,18413863,"2023-02","Acer saccharum",,"CC6530*01",,,,,,,,,,"30","5",2023-10-06,
380,2023-10-08 17:12:11,2023-10-08 17:13:23,64972348,"2023-02","Fagus grandifolia/sylvatica",,,,"CC0255*01",,,,,,,,"5","5",2023-10-08,
381,2023-10-08 17:13:44,2023-10-08 17:14:26,64972348,"2023-02","Platanus occidentalis",,,,,,,,"CC0402*01",,,,"5","5",2023-10-08,
382,2023-10-08 17:15:31,2023-10-08 17:16:28,45505688,"2023-01","Fagus grandifolia/sylvatica",,,,"20130268*01",,,,,,,,"15","8",2023-10-08,
383,2023-10-08 17:15:35,2023-10-08 17:16:42,76395451,"2023-02","Metasequoia glyptostroboides",,,,,"CC0074*01",,,,,,,"5","5",2023-10-08,
384,2023-10-08 17:16:39,2023-10-08 17:17:20,45505688,"2023-01","Fagus grandifolia/sylvatica",,,,"20130268*03",,,,,,,,"20","8",2023-10-08,
385,2023-10-08 17:16:48,2023-10-08 17:17:40,76395451,"2023-02","Fagus grandifolia/sylvatica",,,,"CC0190*01",,,,,,,,"5","5",2023-10-08,
386,2023-10-08 17:17:29,2023-10-08 17:18:29,43694982,"2023-02","Ulmus americana",,,,,,,,,,,"CC4653*01","12","14",2023-10-08,
387,2023-10-08 17:18:35,2023-10-08 17:19:48,43694982,"2023-02","Ulmus americana",,,,,,,,,,,"CC4656*01","20","18",2023-10-08,
388,2023-10-08 17:23:20,2023-10-08 17:37:26,96726935,"2023-01","Cornus florida",,,"CC0549*01",,,,,,,,,"10","10",2023-10-08,
389,2023-10-08 17:38:58,2023-10-08 17:39:57,96726935,"2023-01","Platanus occidentalis",,,,,,,,"CC0597*01",,,,"10","20",2023-10-08,
390,2023-10-08 17:40:34,2023-10-08 17:44:10,36125717,"2023-02","Fagus grandifolia/sylvatica",,,,"CC0169*01",,,,,,,,"3","2",2023-10-04,
391,2023-10-08 17:44:20,2023-10-08 17:45:03,36125717,"2023-02","Fagus grandifolia/sylvatica",,,,"CC0182*01",,,,,,,,"3","1",2023-10-04,
392,2023-10-08 17:46:26,2023-10-08 17:50:41,22853829,"2023-02","Acer saccharum",,"CC5899*02",,,,,,,,,,"15","5",2023-10-03,
393,2023-10-08 17:50:46,2023-10-08 17:51:38,22853829,"2023-02","Cornus florida",,,"CC1720*02",,,,,,,,,"15","10",2023-10-03,
394,2023-10-08 17:36:36,2023-10-08 17:52:16,34617875,"2023-02","Quercus rubra",,,,,,,,,,"20090665*02",,"80","30",2023-10-04,
395,2023-10-08 17:51:26,2023-10-08 17:52:27,56329658,"2023-02","Quercus alba",,,,,,,,,"CC4326*01",,,"25","15",2023-10-01,
396,2023-10-08 17:52:31,2023-10-08 17:53:04,56329658,"2023-02","Quercus alba",,,,,,,,,"CC1059*01",,,"30","25",2023-10-08,
397,2023-10-08 17:52:28,2023-10-08 17:54:47,34617875,"2023-02","Quercus alba",,,,,,,,,"CC0383*01",,,"10","10",2023-10-04,
398,2023-10-08 18:06:07,2023-10-08 18:06:45,46990454,"2023-02","Metasequoia glyptostroboides",,,,,"CC4184*01",,,,,,,"15","5",2023-10-11,
399,2023-10-08 18:06:49,2023-10-08 18:07:14,46990454,"2023-02","Metasequoia glyptostroboides",,,,,"CC4185*01",,,,,,,"10","5",2023-10-04,
400,2023-10-08 18:02:14,2023-10-08 18:07:30,88800535,"2023-02","Pinus strobus",,,,,,,"CC4676*02",,,,,"40","5",2023-10-08,
401,2023-10-08 18:04:38,2023-10-08 18:08:42,58447101,"2023-02","Quercus alba",,,,,,,,,"CC4955*01",,,"10","20",2023-10-05,
402,2023-10-08 18:08:49,2023-10-08 18:09:37,58447101,"2023-02","Quercus alba",,,,,,,,,"CC4955*02",,,"10","5",2023-10-05,
403,2023-10-08 18:09:37,2023-10-08 18:11:24,27761576,"2023-02","Metasequoia glyptostroboides",,,,,"CC1126*01",,,,,,,"5","7",2023-10-06,
404,2023-10-08 18:11:38,2023-10-08 18:12:49,27761576,"2023-02","Ulmus americana",,,,,,,,,,,"CC4662*01","8","8",2023-10-08,
405,2023-10-08 18:11:33,2023-10-08 18:13:52,63511055,"2023-02","Acer rubrum","CC2943*03",,,,,,,,,,,"18","13",2023-10-08,
406,2023-10-08 18:13:56,2023-10-08 18:15:03,63511055,"2023-02","Metasequoia glyptostroboides",,,,,"20060244*05",,,,,,,"12","15",2023-10-08,
407,2023-10-08 18:15:34,2023-10-08 18:19:10,59898606,"2023-02","Ostrya virginiana",,,,,,"CC1648*01",,,,,,"30","30",2023-10-03,
408,2023-10-08 18:15:34,2023-10-08 18:20:06,59898606,"2023-02","Ostrya virginiana",,,,,,"CC9244*01",,,,,,"10","5",2023-10-03,
409,2023-10-08 18:11:40,2023-10-08 18:21:37,21603624,"2023-01","Quercus rubra",,,,,,,,,,"CC0288*01",,"3","5",2023-10-05,"Na"
410,2023-10-08 18:21:43,2023-10-08 18:22:28,21603624,"2023-01","Quercus rubra",,,,,,,,,,"CC0286*01",,"10","5",2023-10-05,"na"
411,2023-10-08 18:24:53,2023-10-08 18:28:34,15504059,"2023-02","Platanus occidentalis",,,,,,,,"CC0370*01",,,,"3","4",2023-10-06,
412,2023-10-08 18:28:47,2023-10-08 18:29:48,15504059,"2023-02","Metasequoia glyptostroboides",,,,,"CC0357*01",,,,,,,"1","3",2023-10-06,
413,2023-10-08 18:31:31,2023-10-08 18:34:35,88800535,"2023-02","Platanus occidentalis",,,,,,,,"CC0402*01",,,,"50","10",2023-10-08,
414,2023-10-08 18:32:07,2023-10-08 18:37:33,34607319,"2023-02","Ostrya virginiana",,,,,,"20070191*01",,,,,,"10","40",2023-10-12,
415,2023-10-08 18:37:37,2023-10-08 18:39:29,34607319,"2023-02","Acer rubrum","CC2943*03",,,,,,,,,,,"5","0",2023-10-04,
416,2023-10-08 18:55:05,2023-10-08 18:56:07,30611751,"2023-02","Acer rubrum","20100046*07",,,,,,,,,,,"75","30",2023-10-08,
417,2023-10-08 18:56:13,2023-10-08 18:57:44,30611751,"2023-02","Acer rubrum","20100046*08",,,,,,,,,,,"75","60",2023-10-08,
418,2023-10-08 18:58:21,2023-10-08 19:01:19,86413885,"2023-02","Fagus grandifolia/sylvatica",,,,"20130268*02",,,,,,,,"80","8",2023-10-06,"Not much has changed the last couple of weeks. The tree is still a super light color, but more leaves were surrounding the tree that have fell off."
419,2023-10-08 19:01:24,2023-10-08 19:02:49,86413885,"2023-02","Fagus grandifolia/sylvatica",,,,"CC0302*01",,,,,,,,"20","8",2023-10-06,"Nothing much has changed the last two weeks. More leaves are starting to fall off but the color has not changed much."
420,2023-10-08 19:02:07,2023-10-08 19:04:22,71648114,"2023-01","Cornus florida",,,"CC1720*03",,,,,,,,,"35","8",2023-10-06,
421,2023-10-08 19:04:27,2023-10-08 19:05:41,71648114,"2023-01","Platanus occidentalis",,,,,,,,"CC1666*01",,,,"2","4",2023-10-06,
422,2023-10-08 19:06:58,2023-10-08 19:07:11,23261193,"2023-01","Acer saccharum",,"CC4423*01",,,,,,,,,,"10","2",2023-10-05,
423,2023-10-08 19:07:43,2023-10-08 19:10:51,48824299,"2023-01","Cornus florida",,,"CC1720*03",,,,,,,,,"5","10",2023-10-06,
424,2023-10-08 19:11:02,2023-10-08 19:13:21,48824299,"2023-01","Acer rubrum","CC2943*02",,,,,,,,,,,"2","1",2023-10-06,
425,2023-10-08 19:15:58,2023-10-08 19:16:18,23261193,"2023-01","Acer rubrum","CC1719*02",,,,,,,,,,,"10","5",2023-10-05,
426,2023-10-08 19:19:27,2023-10-08 19:20:21,57527349,"2023-01","Acer rubrum","20100048*14",,,,,,,,,,,"5","65",2023-10-08,
427,2023-10-08 19:20:28,2023-10-08 19:21:54,57527349,"2023-01","Acer rubrum","20100048*07",,,,,,,,,,,"4","5",2023-10-08,
428,2023-10-08 19:21:43,2023-10-08 19:23:51,91506959,"2023-02","Ulmus americana",,,,,,,,,,,"CC6270*01","10","7",2023-10-08,
429,2023-10-08 19:23:57,2023-10-08 19:26:01,91506959,"2023-02","Ulmus americana",,,,,,,,,,,"CC6405*01","30","10",2023-10-08,
430,2023-10-08 19:25:41,2023-10-08 19:26:24,17286449,"2023-02","Acer rubrum","CC2943*01",,,,,,,,,,,"35","20",2023-10-08,
431,2023-10-08 19:26:28,2023-10-08 19:26:59,17286449,"2023-02","Acer rubrum","CC2943*02",,,,,,,,,,,"17","2",2023-10-08,
432,2023-10-08 19:23:32,2023-10-08 19:29:58,19265454,"2023-02","Quercus alba",,,,,,,,,"CC0320*01",,,"12","5",2023-10-08,
433,2023-10-08 19:32:03,2023-10-08 19:33:34,74364598,"2023-01","Platanus occidentalis",,,,,,,,"CC5971*01",,,,"30","15",2023-10-08,
434,2023-10-08 19:33:38,2023-10-08 19:34:49,74364598,"2023-01","Quercus alba",,,,,,,,,"CC4955*03",,,"10","5",2023-10-08,
435,2023-10-08 19:19:04,2023-10-08 19:36:07,55411278,"2023-02","Cornus florida",,,"CC2938*01",,,,,,,,,"99","0",2023-10-08,
436,2023-10-08 19:36:15,2023-10-08 19:37:18,60762467,"2023-01","Ostrya virginiana",,,,,,"20090303*05",,,,,,"10","10",2023-10-08,
437,2023-10-08 19:19:51,2023-10-08 19:38:04,55411278,"2023-02","Pinus strobus",,,,,,,"98P136*01",,,,,"90","5",2023-10-08,
438,2023-10-08 19:37:22,2023-10-08 19:38:10,60762467,"2023-01","Cornus florida",,,"CC1849*01",,,,,,,,,"20","40",2023-10-08,
439,2023-10-08 19:38:36,2023-10-08 19:39:25,89941023,"2023-01","Acer saccharum",,"CC6259*01",,,,,,,,,,"26","26",2023-10-06,"No"
440,2023-10-08 19:39:28,2023-10-08 19:40:06,89941023,"2023-02","Acer saccharum",,"CC6259*01",,,,,,,,,,"25","25",2023-10-06,
441,2023-10-08 19:40:10,2023-10-08 19:40:59,89941023,"2023-02","Acer saccharum",,"CC6259*02",,,,,,,,,,"31","31",2023-10-06,
442,2023-10-08 19:38:34,2023-10-08 19:41:08,52955308,"2023-01","Ulmus americana",,,,,,,,,,,"CC4656*01","50","30",2023-10-08,
443,2023-10-08 19:30:08,2023-10-08 19:41:36,19265454,"2023-02","Quercus alba",,,,,,,,,"CC4600*01",,,"12","6",2023-10-08,
444,2023-10-08 19:41:13,2023-10-08 19:42:59,52955308,"2023-01","Fagus grandifolia/sylvatica",,,,"20070154*04",,,,,,,,"30","10",2023-10-08,
445,2023-10-08 19:49:57,2023-10-08 19:52:42,35250509,"2023-01","Ostrya virginiana",,,,,,"20070191*03",,,,,,"23","20",2023-10-05,"None"
446,2023-10-08 19:52:46,2023-10-08 19:53:27,35250509,"2023-01","Ostrya virginiana",,,,,,"20090303*05",,,,,,"21","19",2023-10-06,
447,2023-10-08 19:54:03,2023-10-08 19:55:24,42631784,"2023-01","Quercus rubra",,,,,,,,,,"NN0748*01",,"90","4",2023-10-07,"still very little fall color change on oak tree again this week, a bit more leaves have fallen"
448,2023-10-08 19:55:41,2023-10-08 19:56:22,26474302,"2023-01","Acer rubrum","CC8185*03",,,,,,,,,,,"5","1",2023-10-08,
449,2023-10-08 19:55:36,2023-10-08 19:56:34,42631784,"2023-01","Acer rubrum","20100046*08",,,,,,,,,,,"50","25",2023-10-07,"maple seems to still be changing faster than the oak color wise"
450,2023-10-08 19:55:44,2023-10-08 19:56:34,44556456,"2023-02","Quercus rubra",,,,,,,,,,"94N379*07",,"1","0",2023-10-08,
451,2023-10-08 19:56:26,2023-10-08 19:57:29,26474302,"2023-01","Ulmus americana",,,,,,,,,,,"CC5459*03","10","4",2023-10-08,
452,2023-10-08 19:56:38,2023-10-08 19:57:30,44556456,"2023-02","Quercus rubra",,,,,,,,,,"NN0749*01",,"3","1",2023-10-08,
453,2023-10-08 19:59:24,2023-10-08 20:01:00,76714327,"2023-01","Ostrya virginiana",,,,,,"20070191*02",,,,,,"5","20",2023-10-05,
454,2023-10-08 20:01:05,2023-10-08 20:01:55,76714327,"2023-01","Cornus florida",,,"CC2202*01",,,,,,,,,"15","25",2023-10-15,
455,2023-10-08 20:00:46,2023-10-08 20:03:53,61027532,"2023-02","Ostrya virginiana",,,,,,"20090257*01",,,,,,"0","5",2023-10-08,"N/A"
456,2023-10-08 20:03:58,2023-10-08 20:04:28,61027532,"2023-02","Ostrya virginiana",,,,,,"20090257*03",,,,,,"5","5",2023-10-08,"N/A"
457,2023-10-08 20:02:37,2023-10-08 20:05:13,90664285,"2023-02","Fagus grandifolia/sylvatica",,,,"20070154*04",,,,,,,,"0","0",2023-10-08,
458,2023-10-08 20:05:09,2023-10-08 20:05:53,53171190,"2023-01","Metasequoia glyptostroboides",,,,,"CC0357*01",,,,,,,"0","0",2023-10-08,
459,2023-10-08 20:05:18,2023-10-08 20:06:03,90664285,"2023-02","Fagus grandifolia/sylvatica",,,,"20130268*01",,,,,,,,"0","0",2023-10-08,
460,2023-10-08 20:05:57,2023-10-08 20:06:33,53171190,"2023-01","Metasequoia glyptostroboides",,,,,"20080508*03",,,,,,,"10","0",2023-10-08,
461,2023-10-08 20:07:21,2023-10-08 20:09:28,48534527,"2023-02","Platanus occidentalis",,,,,,,,"CC0597*01",,,,"7","7",2023-10-08,
462,2023-10-08 20:09:34,2023-10-08 20:10:37,48534527,"2023-02","Cornus florida",,,"CC0549*01",,,,,,,,,"5","5",2023-10-08,
463,2023-10-08 20:08:52,2023-10-08 20:10:40,51411921,"2023-02","Ulmus americana",,,,,,,,,,,"CC4653*01","30","10",2023-10-06,
464,2023-10-08 20:10:49,2023-10-08 20:12:07,51411921,"2023-02","Fagus grandifolia/sylvatica",,,,"CC1245*01",,,,,,,,"15","5",2023-10-06,
465,2023-10-08 20:14:58,2023-10-08 20:17:09,58414926,"2023-01","Quercus alba",,,,,,,,,"CC0234*01",,,"2","2",2023-10-06,
466,2023-10-08 20:17:44,2023-10-08 20:19:27,58414926,"2023-01","Quercus alba",,,,,,,,,"CC0239*01",,,"8","6",2023-10-06,
467,2023-10-08 20:10:44,2023-10-08 20:20:47,60746415,"2023-02","Quercus alba",,,,,,,,,"CC6390*01",,,"2","2",2023-10-08,
468,2023-10-08 20:20:50,2023-10-08 20:22:16,60746415,"2023-02","Ulmus americana",,,,,,,,,,,"CC6397*02","2","5",2023-10-08,
469,2023-10-08 20:28:42,2023-10-08 20:31:33,10535383,"2023-02","Quercus alba",,,,,,,,,"CC0314*01",,,"2","1",2023-10-08,
470,2023-10-08 20:31:06,2023-10-08 20:32:19,24076704,"2023-02","Ulmus americana",,,,,,,,,,,"CC6416*01","10","30",2023-10-08,
471,2023-10-08 20:31:40,2023-10-08 20:32:24,10535383,"2023-02","Ulmus americana",,,,,,,,,,,"CC4662*01","12","4",2023-10-08,
472,2023-10-08 20:29:25,2023-10-08 20:32:55,96482114,"2023-02","Pinus strobus",,,,,,,"CC4676*01",,,,,"2","4",2023-10-08,
473,2023-10-08 20:32:49,2023-10-08 20:33:54,45982419,"2023-01","Ulmus americana",,,,,,,,,,,"CC6416*01","5","30",2023-10-08,
474,2023-10-08 20:29:57,2023-10-08 20:34:04,49363569,"2023-02","Pinus strobus",,,,,,,"CC4636*03",,,,,"0","20",2023-10-08,
475,2023-10-08 20:32:18,2023-10-08 20:34:25,43233823,"2023-02","Platanus occidentalis",,,,,,,,"CC2662*01",,,,"34","12",2023-10-04,
476,2023-10-08 20:33:00,2023-10-08 20:34:44,96482114,"2023-02","Pinus strobus",,,,,,,"CC4676*03",,,,,"2","3",2023-10-08,
477,2023-10-08 20:34:12,2023-10-08 20:34:49,49363569,"2023-02","Pinus strobus",,,,,,,"CC4639*01",,,,,"0","80",2023-10-08,
478,2023-10-08 20:32:24,2023-10-08 20:35:13,24076704,"2023-02","Pinus strobus",,,,,,,"CC4639*02",,,,,"5","40",2023-10-08,
479,2023-10-08 20:34:00,2023-10-08 20:35:14,45982419,"2023-01","Pinus strobus",,,,,,,"CC4639*02",,,,,"5","40",2023-10-08,
480,2023-10-08 20:34:33,2023-10-08 20:36:08,43233823,"2023-02","Platanus occidentalis",,,,,,,,"CC2662*01",,,,"36","14",2023-10-06,
481,2023-10-08 20:36:16,2023-10-08 20:39:44,43233823,"2023-02","Platanus occidentalis",,,,,,,,"CC2662*02",,,,"36","16",2023-10-04,
482,2023-10-08 20:39:56,2023-10-08 20:41:45,43233823,"2023-02","Platanus occidentalis",,,,,,,,"CC2662*02",,,,"38","18",2023-10-06,
483,2023-10-08 20:42:35,2023-10-08 20:44:00,43233823,"2023-02","Platanus occidentalis",,,,,,,,"CC2662*01",,,,"34","12",2023-10-04,"Uploaded the wrong picture for the day stated in previous response."
484,2023-10-08 20:43:59,2023-10-08 20:45:31,39655914,"2023-01","Acer rubrum","20100048*09",,,,,,,,,,,"1","0",2023-10-06,
485,2023-10-08 20:44:07,2023-10-08 20:46:33,43233823,"2023-02","Platanus occidentalis",,,,,,,,"CC2662*01",,,,"36","14",2023-10-06,"Uploaded the wrong day for picture stated previously in the other response."
486,2023-10-08 20:45:34,2023-10-08 20:46:35,39655914,"2023-01","Quercus rubra",,,,,,,,,,"94N379*17",,"1","1",2023-10-06,
487,2023-10-08 20:48:02,2023-10-08 20:49:02,35474524,"2023-02","Acer rubrum","CC2943*01",,,,,,,,,,,"20","1",2023-10-08,
488,2023-10-08 20:49:05,2023-10-08 20:49:40,35474524,"2023-02","Acer rubrum","CC2943*02",,,,,,,,,,,"0","0",2023-10-08,
489,2023-10-08 20:49:27,2023-10-08 20:52:19,94268217,"2023-02","Cornus florida",,,"20160323*01",,,,,,,,,"30","0",2023-10-08,
490,2023-10-08 20:52:27,2023-10-08 20:53:22,94268217,"2023-02","Fagus grandifolia/sylvatica",,,,"CC0139*01",,,,,,,,"30","20",2023-10-08,
491,2023-10-08 20:52:50,2023-10-08 20:54:08,63257438,"2023-01","Metasequoia glyptostroboides",,,,,"20080508*03",,,,,,,"10","0",2023-10-08,"N/a"
492,2023-10-08 20:54:12,2023-10-08 20:55:13,63257438,"2023-01","Metasequoia glyptostroboides",,,,,"CC0357*01",,,,,,,"0","0",2023-10-08,"N/a"
493,2023-10-08 20:51:03,2023-10-08 20:55:14,70481608,"2023-02","Quercus rubra",,,,,,,,,,"20080059*14",,"0","5",2023-10-08,
494,2023-10-08 20:55:18,2023-10-08 20:56:39,70481608,"2023-02","Quercus rubra",,,,,,,,,,"20080059*15",,"0","0",2023-10-08,
495,2023-10-08 20:53:23,2023-10-08 20:57:43,73258606,"2023-02","Fagus grandifolia/sylvatica",,,,"CC6260*01",,,,,,,,"5","5",2023-10-02,
496,2023-10-08 20:56:27,2023-10-08 20:58:36,60939305,"2023-02","Metasequoia glyptostroboides",,,,,"20000146*03",,,,,,,"2","0",2023-10-07,
497,2023-10-08 20:57:51,2023-10-08 20:59:09,73258606,"2023-02","Quercus alba",,,,,,,,,"CC6390*01",,,"0","5",2023-10-02,
498,2023-10-08 20:58:41,2023-10-08 21:00:13,60939305,"2023-02","Platanus occidentalis",,,,,,,,"CC2662*01",,,,"3","3",2023-10-07,
499,2023-10-08 20:56:44,2023-10-08 21:01:21,27239705,"2023-02","Fagus grandifolia/sylvatica",,,,"CC1623*01",,,,,,,,"20","10",2023-10-08,
500,2023-10-08 21:01:25,2023-10-08 21:03:01,27239705,"2023-02","Platanus occidentalis",,,,,,,,"CC4349*02",,,,"0","0",2023-10-08,
501,2023-10-08 21:03:55,2023-10-08 21:07:35,33541894,"2023-01","Platanus occidentalis",,,,,,,,"CC0016*01",,,,"60","20",2023-10-05,
502,2023-10-08 21:07:39,2023-10-08 21:08:09,33541894,"2023-01","Acer saccharum",,"CC4331*01",,,,,,,,,,"20","10",2023-10-02,
503,2023-10-08 21:04:31,2023-10-08 21:08:53,45907237,"2023-02","Metasequoia glyptostroboides",,,,,"20060244*07",,,,,,,"10","5",2023-10-05,
504,2023-10-08 21:07:53,2023-10-08 21:09:01,49446025,"2023-01","Quercus alba",,,,,,,,,"CC6651*01",,,"6","3",2023-10-06,
505,2023-10-08 21:09:01,2023-10-08 21:09:45,45907237,"2023-02","Metasequoia glyptostroboides",,,,,"20060244*12",,,,,,,"7","3",2023-10-05,
506,2023-10-08 21:09:08,2023-10-08 21:10:00,49446025,"2023-01","Pinus strobus",,,,,,,"CC6484*02",,,,,"12","4",2023-10-06,
507,2023-10-08 21:11:57,2023-10-08 21:12:43,72248069,"2023-02","Fagus grandifolia/sylvatica",,,,"CC0255*01",,,,,,,,"5","0",2023-10-08,
508,2023-10-08 21:12:50,2023-10-08 21:13:43,72248069,"2023-02","Cornus florida",,,"CC0364*01",,,,,,,,,"80","0",2023-10-08,
509,2023-10-08 21:10:41,2023-10-08 21:14:32,16973148,"2023-02","Quercus rubra",,,,,,,,,,"94N379*17",,"1","0",2023-10-06,
510,2023-10-08 21:14:36,2023-10-08 21:15:51,16973148,"2023-02","Quercus rubra",,,,,,,,,,"CC2536*01",,"4","2",2023-10-06,
511,2023-10-08 21:16:19,2023-10-08 21:17:15,63429951,"2023-01","Ulmus americana",,,,,,,,,,,"CC6416*01","3","3",2023-10-08,
512,2023-10-08 21:17:03,2023-10-08 21:17:38,98743626,"2023-02","Acer rubrum","20100048*09",,,,,,,,,,,"0","0",2023-10-08,
513,2023-10-08 21:17:19,2023-10-08 21:17:54,63429951,"2023-01","Cornus florida",,,"CC1402*01",,,,,,,,,"3","3",2023-10-08,
514,2023-10-08 21:17:42,2023-10-08 21:18:40,98743626,"2023-02","Ostrya virginiana",,,,,,"20070191*02",,,,,,"10","60",2023-10-08,
515,2023-10-08 21:21:05,2023-10-08 21:23:07,82465803,"2023-02","Acer rubrum","20100048*14",,,,,,,,,,,"80","60",2023-10-08,
516,2023-10-08 21:23:14,2023-10-08 21:25:23,82465803,"2023-02","Acer rubrum","20100048*12",,,,,,,,,,,"5","5",2023-10-08,
517,2023-10-08 21:26:17,2023-10-08 21:27:15,15888923,"2023-02","Acer rubrum","20100048*12",,,,,,,,,,,"5","10",2023-10-08,
518,2023-10-08 21:27:06,2023-10-08 21:27:51,51400338,"2023-02","Ulmus americana",,,,,,,,,,,"CC6943*01","0","5",2023-10-06,
519,2023-10-08 21:27:23,2023-10-08 21:27:58,15888923,"2023-02","Acer rubrum","20100048*14",,,,,,,,,,,"40","20",2023-10-08,
520,2023-10-08 21:27:59,2023-10-08 21:28:45,51400338,"2023-02","Ulmus americana",,,,,,,,,,,"CC5459*02","0","2",2023-10-06,
521,2023-10-08 21:33:20,2023-10-08 21:35:05,53515049,"2023-02","Cornus florida",,,"CC1720*01",,,,,,,,,"0.05","0.05",2023-10-05,
522,2023-10-08 21:35:09,2023-10-08 21:36:17,53515049,"2023-02","Ulmus americana",,,,,,,,,,,"CC6859*01","0.5","0.1",2023-10-05,
523,2023-10-08 21:34:58,2023-10-08 21:36:53,57636929,"2023-02","Cornus florida",,,"CC1720*03",,,,,,,,,"50","0",2023-10-08,"N/A"
524,2023-10-08 21:30:32,2023-10-08 21:37:03,78086901,"2023-01","Ostrya virginiana",,,,,,"CC1320*01",,,,,,"70","70",2023-10-06,
525,2023-10-08 21:37:10,2023-10-08 21:38:02,57636929,"2023-02","Cornus florida",,,"CC7298*01",,,,,,,,,"55","0",2023-10-08,"N/A"
526,2023-10-08 21:37:57,2023-10-08 21:39:45,36694549,"2023-02","Pinus strobus",,,,,,,"98P136*01",,,,,"5","5",2023-10-08,
527,2023-10-08 21:40:44,2023-10-08 21:41:20,36694549,"2023-02","Pinus strobus",,,,,,,"CC5067*01",,,,,"5","0",2023-10-08,
528,2023-10-08 21:37:18,2023-10-08 21:41:37,78086901,"2023-01","Pinus strobus",,,,,,,"CC4639*02",,,,,"60","65",2023-10-06,
529,2023-10-08 21:45:27,2023-10-08 21:46:23,55888523,"2023-02","Quercus rubra",,,,,,,,,,"20080059*14",,"1","0",2023-10-08,
530,2023-10-08 21:21:30,2023-10-08 21:46:56,10114576,"2023-01","Ulmus americana",,,,,,,,,,,"CC6397*02","100","80",2023-10-08,
531,2023-10-08 21:46:33,2023-10-08 21:47:03,55888523,"2023-02","Quercus rubra",,,,,,,,,,"20080059*15",,"1","0",2023-10-08,
532,2023-10-08 21:44:31,2023-10-08 21:47:37,48096586,"2023-02","Pinus strobus",,,,,,,"CC4676*02",,,,,"25","20",2023-10-01,
533,2023-10-08 21:47:43,2023-10-08 21:48:32,48096586,"2023-02","Pinus strobus",,,,,,,"CC4676*04",,,,,"30","15",2023-10-01,
534,2023-10-08 21:50:03,2023-10-08 21:51:16,91600923,"2023-02","Metasequoia glyptostroboides",,,,,"20060244*12",,,,,,,"0","7",2023-10-08,
535,2023-10-08 21:51:21,2023-10-08 21:52:35,91600923,"2023-02","Metasequoia glyptostroboides",,,,,"20060244*14",,,,,,,"0","4",2023-10-08,
536,2023-10-08 21:47:40,2023-10-08 21:52:43,10114576,"2023-01","Acer saccharum",,"CC6403*01",,,,,,,,,,"65","43",2023-10-08,
537,2023-10-08 21:55:23,2023-10-08 21:56:59,62763900,"2023-02","Ostrya virginiana",,,,,,"20090257*03",,,,,,"27","45",2023-10-08,
538,2023-10-08 21:57:04,2023-10-08 21:58:07,62763900,"2023-02","Ostrya virginiana",,,,,,"20090257*04",,,,,,"35","35",2023-10-08,
539,2023-10-08 22:01:02,2023-10-08 22:02:07,80137122,"2023-02","Cornus florida",,,"CC0549*01",,,,,,,,,"5","0",2023-10-08,
540,2023-10-08 22:01:30,2023-10-08 22:02:30,47216699,"2023-02","Acer rubrum","CC1719*01",,,,,,,,,,,"3","1",2023-10-05,
541,2023-10-08 22:02:13,2023-10-08 22:03:13,80137122,"2023-02","Platanus occidentalis",,,,,,,,"CC0597*01",,,,"0","0",2023-10-08,
542,2023-10-08 22:02:34,2023-10-08 22:03:24,47216699,"2023-02","Acer rubrum","CC1719*02",,,,,,,,,,,"2","1",2023-10-05,
543,2023-10-08 22:07:30,2023-10-08 22:09:25,71113103,"2023-02","Acer rubrum","CC6341*01",,,,,,,,,,,"5","2",2023-10-08,
544,2023-10-08 22:08:48,2023-10-08 22:10:12,15167664,"2023-02","Pinus strobus",,,,,,,"CC4611*01",,,,,"40","25",2023-10-04,
545,2023-10-08 22:09:30,2023-10-08 22:10:27,71113103,"2023-02","Acer saccharum",,"CC6394*01",,,,,,,,,,"40","20",2023-10-08,
546,2023-10-08 21:58:42,2023-10-08 22:11:13,52048211,"2023-02","Ulmus americana",,,,,,,,,,,"CC6249*01","5","5",2023-10-04,
547,2023-10-08 22:10:35,2023-10-08 22:11:21,15167664,"2023-02","Pinus strobus",,,,,,,"CC4611*01",,,,,"35","30",2023-10-04,
548,2023-10-08 22:11:21,2023-10-08 22:12:45,52048211,"2023-02","Ulmus americana",,,,,,,,,,,"CC6283*01","6","6",2023-10-04,
549,2023-10-08 22:14:28,2023-10-08 22:15:31,14275684,"2023-01","Acer rubrum","CC6281*02",,,,,,,,,,,"15","10",2023-10-06,
550,2023-10-08 22:15:38,2023-10-08 22:16:06,14275684,"2023-01","Acer saccharum",,"CC6394*01",,,,,,,,,,"10","10",2023-10-06,
551,2023-10-08 22:16:22,2023-10-08 22:16:58,42242377,"2023-02","Quercus rubra",,,,,,,,,,"20080059*15",,"0","0",2023-10-08,
552,2023-10-08 22:14:01,2023-10-08 22:17:13,29729337,"2023-02","Quercus alba",,,,,,,,,"CC0314*01",,,"0","0",2023-10-07,
553,2023-10-08 22:17:03,2023-10-08 22:17:28,42242377,"2023-02","Quercus rubra",,,,,,,,,,"89P063*02",,"0","0",2023-10-08,
554,2023-10-08 22:17:39,2023-10-08 22:19:52,29729337,"2023-02","Quercus alba",,,,,,,,,"CC0234*01",,,"1","0",2023-10-07,
555,2023-10-08 22:26:09,2023-10-08 22:26:34,42747096,"2023-02","Acer saccharum",,"CC6259*01",,,,,,,,,,"15","10",2023-10-08,
556,2023-10-08 22:24:43,2023-10-08 22:27:48,42747096,"2023-02","Acer saccharum",,"CC6259*03",,,,,,,,,,"45","10",2023-10-08,
557,2023-10-08 22:23:53,2023-10-08 22:30:07,93921848,"2023-02","Fagus grandifolia/sylvatica",,,,"20070154*04",,,,,,,,"20","5",2023-10-05,"n/a"
558,2023-10-08 22:30:49,2023-10-08 22:33:11,93921848,"2023-02","Fagus grandifolia/sylvatica",,,,"20130268*01",,,,,,,,"15","5",2023-10-05,"n/a"
559,2023-10-08 22:31:24,2023-10-08 22:33:13,76080501,"2023-02","Quercus alba",,,,,,,,,"CC0239*01",,,"1","0",2023-10-06,
560,2023-10-08 22:33:16,2023-10-08 22:34:22,76080501,"2023-02","Quercus alba",,,,,,,,,"CC0253*01",,,"1","0",2023-10-06,
561,2023-10-08 22:31:45,2023-10-08 22:36:31,78945220,"2023-02","Acer saccharum",,"CC6259*03",,,,,,,,,,"60","20",2023-10-08,
562,2023-10-08 22:36:36,2023-10-08 22:37:18,78945220,"2023-02","Acer saccharum",,"CC6259*04",,,,,,,,,,"10","10",2023-10-08,
563,2023-10-08 22:37:37,2023-10-08 22:40:37,55938944,"2023-01","Acer rubrum","CC6250*01",,,,,,,,,,,"1","1",2023-10-08,
564,2023-10-08 22:40:57,2023-10-08 22:41:38,55938944,"2023-01","Acer rubrum","CC6281*01",,,,,,,,,,,"5","5",2023-10-08,
565,2023-10-08 22:44:10,2023-10-08 22:44:50,54915436,"2023-02","Acer rubrum","CC6281*01",,,,,,,,,,,"20","10",2023-10-08,
566,2023-10-08 22:44:59,2023-10-08 22:45:19,54915436,"2023-02","Acer rubrum","CC6281*02",,,,,,,,,,,"20","15",2023-10-08,
567,2023-10-08 22:26:54,2023-10-08 22:48:38,65508524,"2023-02","Platanus occidentalis",,,,,,,,"CC0597*01",,,,"20","15",2023-10-08,
568,2023-10-08 22:48:49,2023-10-08 22:51:59,67191322,"2023-01","Acer rubrum","CC1719*02",,,,,,,,,,,"0","0",2023-10-06,
569,2023-10-08 22:51:40,2023-10-08 22:53:23,23826453,"2023-02","Quercus alba",,,,,,,,,"CC6651*01",,,"15","15",2023-10-08,
570,2023-10-08 22:53:35,2023-10-08 22:54:57,23826453,"2023-02","Quercus alba",,,,,,,,,"CC6631*01",,,"16","15",2023-10-08,
571,2023-10-08 22:54:31,2023-10-08 22:55:34,67191322,"2023-01","Cornus florida",,,"CC1741*01",,,,,,,,,"15","0",2023-10-06,
572,2023-10-08 22:56:41,2023-10-08 22:57:52,98734456,"2023-02","Fagus grandifolia/sylvatica",,,,"20130268*02",,,,,,,,"2","3",2023-10-08,
573,2023-10-08 22:58:03,2023-10-08 23:00:32,98734456,"2023-02","Fagus grandifolia/sylvatica",,,,"CC0302*01",,,,,,,,"5","4",2023-10-08,
574,2023-10-08 23:04:23,2023-10-08 23:05:11,66498323,"2023-01","Cornus florida",,,"CC0364*01",,,,,,,,,"20","20",2023-10-08,
575,2023-10-08 23:05:16,2023-10-08 23:06:16,66498323,"2023-01","Metasequoia glyptostroboides",,,,,"20060244*14",,,,,,,"25","10",2023-10-04,
576,2023-10-08 23:05:06,2023-10-08 23:06:28,33675844,"2023-02","Acer rubrum","CC1719*02",,,,,,,,,,,"10","6",2023-10-06,
577,2023-10-08 23:07:15,2023-10-08 23:09:01,33675844,"2023-02","Acer saccharum",,"CC5899*02",,,,,,,,,,"25","15",2023-10-06,
578,2023-10-08 23:10:47,2023-10-08 23:14:26,39489382,"2023-02","Metasequoia glyptostroboides",,,,,"20080508*01",,,,,,,"3","5",2023-10-06,
579,2023-10-08 23:08:57,2023-10-08 23:16:27,93493616,"2023-02","Ulmus americana",,,,,,,,,,,"CC6859*01","25","15",2023-10-07,
580,2023-10-08 23:14:38,2023-10-08 23:17:10,39489382,"2023-02","Metasequoia glyptostroboides",,,,,"20000146*03",,,,,,,"15","0",2023-10-06,
581,2023-10-08 23:18:19,2023-10-08 23:18:45,25202666,"2023-02","Cornus florida",,,"CC1720*02",,,,,,,,,"15","5",2023-10-08,
582,2023-10-08 23:18:52,2023-10-08 23:19:36,25202666,"2023-02","Cornus florida",,,"CC1720*03",,,,,,,,,"20","5",2023-10-08,
583,2023-10-08 23:18:11,2023-10-08 23:21:16,93493616,"2023-02","Cornus florida",,,"CC1720*03",,,,,,,,,"75","33",2023-10-14,
584,2023-10-08 23:17:13,2023-10-08 23:22:11,39201446,"2023-01","Acer rubrum","CC6341*01",,,,,,,,,,,"15","5",2023-10-08,"sorry it's dark. I was planning to take them after work, but I had to work a double"
585,2023-10-08 23:21:03,2023-10-08 23:22:15,25480803,"2023-02","Quercus alba",,,,,,,,,"CC4326*01",,,"10","6",2023-10-08,
586,2023-10-08 23:22:20,2023-10-08 23:22:54,25480803,"2023-02","Quercus alba",,,,,,,,,"CC0383*01",,,"10","10",2023-10-08,
587,2023-10-08 23:22:21,2023-10-08 23:24:03,39201446,"2023-01","Acer rubrum","CC6281*02",,,,,,,,,,,"20","10",2023-10-08,
588,2023-10-08 23:21:08,2023-10-08 23:26:39,10543142,"2023-01","Fagus grandifolia/sylvatica",,,,"CC1623*01",,,,,,,,"5","1",2023-10-08,
589,2023-10-08 23:24:43,2023-10-08 23:27:21,23545567,"2023-02","Cornus florida",,,"CC6272*01",,,,,,,,,"15","5",2023-10-07,
590,2023-10-08 23:27:28,2023-10-08 23:28:11,23545567,"2023-02","Fagus grandifolia/sylvatica",,,,"CC6260*01",,,,,,,,"16","5",2023-10-07,
591,2023-10-08 23:27:04,2023-10-08 23:28:21,10543142,"2023-01","Quercus alba",,,,,,,,,"CC6651*01",,,"7","1",2023-10-08,
592,2023-10-08 23:25:58,2023-10-08 23:29:06,62004935,"2023-01","Cornus florida",,,"CC1741*01",,,,,,,,,"5","3",2023-10-02,
593,2023-10-08 23:28:26,2023-10-08 23:29:29,10543142,"2023-01","Fagus grandifolia/sylvatica",,,,"CC1623*01",,,,,,,,"5","1",2023-10-08,
594,2023-10-08 23:27:49,2023-10-08 23:30:01,12093420,"2023-02","Ostrya virginiana",,,,,,"20070191*03",,,,,,"45","40",2023-10-08,
595,2023-10-08 23:26:48,2023-10-08 23:30:18,92437655,"2023-02","Ostrya virginiana",,,,,,"20090257*01",,,,,,"50","70",2023-10-08,
596,2023-10-08 23:30:02,2023-10-08 23:31:10,62004935,"2023-01","Platanus occidentalis",,,,,,,,"CC1666*01",,,,"7","6",2023-10-02,
597,2023-10-08 23:30:22,2023-10-08 23:31:10,92437655,"2023-02","Ostrya virginiana",,,,,,"20090257*06",,,,,,"70","70",2023-10-08,
598,2023-10-08 23:30:15,2023-10-08 23:31:14,12093420,"2023-02","Ostrya virginiana",,,,,,"20090257*02",,,,,,"25","20",2023-10-08,
599,2023-10-08 23:37:46,2023-10-08 23:40:08,47495207,"2023-01","Acer saccharum",,"CC6530*01",,,,,,,,,,"20","0",2023-10-03,
600,2023-10-08 23:40:14,2023-10-08 23:40:44,55305646,"2023-02","Acer rubrum","CC1719*01",,,,,,,,,,,"7","10",2023-10-08,
601,2023-10-08 23:40:47,2023-10-08 23:41:17,55305646,"2023-02","Ostrya virginiana",,,,,,"CC9244*01",,,,,,"7","10",2023-10-08,
602,2023-10-08 23:40:12,2023-10-08 23:41:26,47495207,"2023-01","Fagus grandifolia/sylvatica",,,,"CC6260*01",,,,,,,,"0","0",2023-10-03,
603,2023-10-08 23:50:17,2023-10-08 23:51:51,61281243,"2023-02","Platanus occidentalis",,,,,,,,"CC5971*01",,,,"20","30",2023-10-08,
604,2023-10-08 23:51:58,2023-10-08 23:53:51,61281243,"2023-02","Ostrya virginiana",,,,,,"20090257*04",,,,,,"20","19",2023-10-08,
605,2023-10-08 23:56:36,2023-10-08 23:57:24,43927678,"2023-02","Pinus strobus",,,,,,,"CC6484*01",,,,,"20","35",2023-10-03,
606,2023-10-08 23:57:30,2023-10-08 23:58:10,43927678,"2023-02","Pinus strobus",,,,,,,"CC6484*02",,,,,"32","37",2023-10-03,
607,2023-10-08 23:33:37,2023-10-08 23:58:58,18238250,"2023-02","Metasequoia glyptostroboides",,,,,"20060244*04",,,,,,,"0","10",2023-10-08,
608,2023-10-08 23:59:04,2023-10-08 23:59:26,18238250,"2023-02","Metasequoia glyptostroboides",,,,,"20060244*05",,,,,,,"0","9",2023-10-08,
609,2023-10-09 03:04:20,2023-10-09 03:05:36,82859268,"2023-02","Pinus strobus",,,,,,,"CC4676*01",,,,,"0","0",2023-10-08,
610,2023-10-09 03:05:40,2023-10-09 03:06:14,82859268,"2023-02","Pinus strobus",,,,,,,"CC4676*02",,,,,"0","0",2023-10-08,
611,2023-10-09 03:33:21,2023-10-09 03:41:54,51154234,"2023-01","Acer rubrum","CC1719*01",,,,,,,,,,,"5","12",2023-10-08,
612,2023-10-09 03:42:02,2023-10-09 03:45:06,51154234,"2023-01","Platanus occidentalis",,,,,,,,"CC5971*01",,,,"7","5",2023-10-08,"a small branch has fallen off the tree as seen in the picture."
613,2023-10-09 06:16:24,2023-10-09 06:17:32,49355559,"2023-02","Cornus florida",,,"CC1741*01",,,,,,,,,"5","0",2023-10-07,
614,2023-10-09 06:17:36,2023-10-09 06:18:36,49355559,"2023-02","Metasequoia glyptostroboides",,,,,"20000146*03",,,,,,,"0","4",2023-10-08,
615,2023-10-09 10:12:41,2023-10-09 10:13:43,45307759,"2023-01","Acer rubrum","20100048*14",,,,,,,,,,,"50","75",2023-10-05,
616,2023-10-09 10:13:19,2023-10-09 10:14:29,21831612,"2023-01","Quercus rubra",,,,,,,,,,"CC0288*01",,"5","7",2023-10-05,
617,2023-10-09 10:13:49,2023-10-09 10:14:58,45307759,"2023-01","Ostrya virginiana",,,,,,"20090257*01",,,,,,"80","25",2023-10-05,
618,2023-10-09 10:14:32,2023-10-09 10:15:27,21831612,"2023-01","Quercus rubra",,,,,,,,,,"CC0286*01",,"6","5",2023-10-06,
619,2023-10-09 10:20:04,2023-10-09 10:22:01,59874517,"2023-02","Quercus rubra",,,,,,,,,,"NN0748*01",,"7","0",2023-10-08,"I was having issues with wifi and the form did not go through and I didn't realize until I opened my laptop this morning. You can see from the timestamp on the photos that these were taken on Sunday."
620,2023-10-09 10:22:05,2023-10-09 10:22:38,59874517,"2023-02","Quercus rubra",,,,,,,,,,"NN0749*01",,"4","0",2023-10-08,"I was having issues with wifi and the form did not go through and I didn't realize until I opened my laptop this morning. You can see from the timestamp on the photos that these were taken on Sunday."
621,2023-10-09 11:04:41,2023-10-09 11:09:42,61024108,"2023-01","Cornus florida",,,"CC2202*01",,,,,,,,,"20","10",2023-10-07,
622,2023-10-09 11:09:47,2023-10-09 11:10:57,61024108,"2023-01","Ostrya virginiana",,,,,,"20110263*01",,,,,,"10","20",2023-10-07,
623,2023-10-09 11:47:25,2023-10-09 11:51:00,72882092,"2023-01","Acer saccharum",,"CC4331*01",,,,,,,,,,"20","10",2023-10-09,
624,2023-10-09 11:51:15,2023-10-09 11:53:40,72882092,"2023-01","Metasequoia glyptostroboides",,,,,"CC1024*01",,,,,,,"1","0",2023-10-09,
625,2023-10-09 12:17:49,2023-10-09 12:22:35,79843553,"2023-02","Acer saccharum",,"CC6527*01",,,,,,,,,,"40","25",2023-10-05,
626,2023-10-09 12:22:41,2023-10-09 12:24:19,79843553,"2023-02","Cornus florida",,,"CC1402*01",,,,,,,,,"1","10",2023-10-05,
627,2023-10-09 12:41:48,2023-10-09 12:48:35,57755414,"2023-01","Cornus florida",,,"CC6272*01",,,,,,,,,"15","10",2023-10-06,"N/A"
628,2023-10-09 12:48:54,2023-10-09 12:51:16,57755414,"2023-01","Ulmus americana",,,,,,,,,,,"CC6283*01","7","5",2023-10-06,"N/A"
629,2023-10-09 13:01:15,2023-10-09 13:03:41,57908524,"2023-02","Acer rubrum","CC6250*01",,,,,,,,,,,"0","0",2023-10-08,
630,2023-10-09 13:03:45,2023-10-09 13:04:19,57908524,"2023-02","Fagus grandifolia/sylvatica",,,,"CC6328*01",,,,,,,,"0","0",2023-10-08,
631,2023-10-09 13:49:55,2023-10-09 13:52:38,16508032,"2023-01","Ulmus americana",,,,,,,,,,,"CC6546*02","5","2",2023-10-03,
632,2023-10-09 13:54:27,2023-10-09 13:55:20,16508032,"2023-01","Platanus occidentalis",,,,,,,,"CC0016*01",,,,"7","0",2023-10-03,
633,2023-10-09 14:24:56,2023-10-09 14:26:16,48998848,"2023-01","Acer saccharum",,"CC5899*02",,,,,,,,,,"15","20",2023-10-02,
634,2023-10-09 14:26:33,2023-10-09 14:27:23,48998848,"2023-01","Ostrya virginiana",,,,,,"20110263*01",,,,,,"15","20",2023-10-02,
635,2023-10-09 14:40:09,2023-10-09 14:43:31,16702079,"2023-02","Fagus grandifolia/sylvatica",,,,"20130268*01",,,,,,,,"25","10",2023-10-08,
636,2023-10-09 14:43:35,2023-10-09 14:44:26,16702079,"2023-02","Fagus grandifolia/sylvatica",,,,"20070154*04",,,,,,,,"15","5",2023-10-08,
637,2023-10-09 14:45:27,2023-10-09 14:46:28,26143977,"2023-01","Ostrya virginiana",,,,,,"20110263*01",,,,,,"5","0",2023-10-05,
638,2023-10-09 14:46:33,2023-10-09 14:47:29,26143977,"2023-01","Cornus florida",,,"CC1849*01",,,,,,,,,"85","20",2023-10-05,
639,2023-10-09 16:31:22,2023-10-09 16:36:00,68253551,"2023-02","Metasequoia glyptostroboides",,,,,"20060244*04",,,,,,,"30","27",2023-10-08,
640,2023-10-09 16:42:49,2023-10-09 16:44:56,68253551,"2023-02","Pinus strobus",,,,,,,"CC6484*02",,,,,"17","12",2023-10-08,
641,2023-10-09 16:57:34,2023-10-09 17:04:29,11990019,"2023-01","Cornus florida",,,"CC0364*01",,,,,,,,,"100","40",2023-10-08,
642,2023-10-09 17:04:35,2023-10-09 17:07:36,11990019,"2023-01","Pinus strobus",,,,,,,"CC4676*03",,,,,"0","0",2023-10-08,
643,2023-10-09 21:22:07,2023-10-09 21:22:21,97245053,"2023-02","Acer rubrum","CC2943*03",,,,,,,,,,,"7","2",2023-10-08,
644,2023-10-09 21:22:25,2023-10-09 21:25:51,97245053,"2023-02","Cornus florida",,,"CC2938*01",,,,,,,,,"10","6",2023-10-08,
645,2023-10-09 23:38:53,2023-10-09 23:39:38,45199226,"2023-01","Metasequoia glyptostroboides",,,,,"20080508*01",,,,,,,"25","6",2023-10-06,
646,2023-10-09 23:39:53,2023-10-09 23:46:45,45199226,"2023-01","Cornus florida",,,"CC2202*01",,,,,,,,,"13","6",2023-10-08,
647,2023-10-10 00:24:01,2023-10-10 00:25:22,72967759,"2023-01","Cornus florida",,,"CC7298*02",,,,,,,,,"45","20",2023-10-05,
648,2023-10-10 00:25:30,2023-10-10 00:26:49,72967759,"2023-01","Ostrya virginiana",,,,,,"20090257*06",,,,,,"60","35",2023-10-05,
649,2023-10-10 11:11:25,2023-10-10 11:15:44,83001388,"2023-01","Cornus florida",,,"CC0364*01",,,,,,,,,"20","20",2023-10-08,"CC0399*01"
650,2023-10-10 11:15:48,2023-10-10 11:18:21,83001388,"2023-01","Pinus strobus",,,,,,,"98P136*01",,,,,"15","20",2023-10-08,"CC0391*01"
651,2023-10-10 12:36:28,2023-10-10 12:37:26,50306079,"2023-01","Fagus grandifolia/sylvatica",,,,"CC0190*01",,,,,,,,"10","10",2023-10-05,
652,2023-10-10 12:37:30,2023-10-10 12:38:18,50306079,"2023-01","Metasequoia glyptostroboides",,,,,"CC0074*01",,,,,,,"0","0",2023-10-06,
653,2023-10-10 12:36:11,2023-10-10 12:39:18,33375570,"2023-01","Acer rubrum","20100046*08",,,,,,,,,,,"100","20",2023-10-03,
654,2023-10-10 12:35:53,2023-10-10 12:40:31,33375570,"2023-01","Cornus florida",,,"20160323*01",,,,,,,,,"5","1",2023-10-03,
655,2023-10-10 16:54:00,2023-10-10 16:57:26,48788295,"2023-01","Fagus grandifolia/sylvatica",,,,"CC0139*01",,,,,,,,"0","0",2023-10-10,
656,2023-10-10 16:57:48,2023-10-10 16:58:46,48788295,"2023-01","Metasequoia glyptostroboides",,,,,"CC0074*01",,,,,,,"0","0",2023-10-10,
657,2023-10-10 17:03:12,2023-10-10 17:03:32,25515493,"2023-01","Cornus florida",,,"20160323*01",,,,,,,,,"20","0",2023-10-10,
658,2023-10-10 17:04:45,2023-10-10 17:05:10,25515493,"2023-01","Fagus grandifolia/sylvatica",,,,"CC0182*01",,,,,,,,"5","0",2023-10-10,
659,2023-10-11 19:21:56,2023-10-11 19:22:37,97007124,"2023-01","Metasequoia glyptostroboides",,,,,"CC1126*01",,,,,,,"2","0",2023-10-11,
660,2023-10-11 19:23:27,2023-10-11 19:23:41,97007124,"2023-01","Platanus occidentalis",,,,,,,,"CC0016*01",,,,"4","3",2023-10-11,
661,2023-10-11 23:13:51,2023-10-11 23:16:26,37712173,"2023-01","Ulmus americana",,,,,,,,,,,"CC4653*01","0","0",2023-10-06,
662,2023-10-11 23:16:31,2023-10-11 23:18:22,37712173,"2023-01","Fagus grandifolia/sylvatica",,,,"20070154*04",,,,,,,,"5","0",2023-10-06,
663,2023-10-12 21:30:35,2023-10-12 21:32:58,43913454,"2023-01","Fagus grandifolia/sylvatica",,,,"CC1245*01",,,,,,,,"15","0",2023-10-08,
664,2023-10-13 09:18:21,2023-10-13 09:20:01,43913454,"2023-01","Cornus florida",,,"20110608*01",,,,,,,,,"30","10",2023-10-08,
665,2023-10-13 14:48:22,2023-10-13 14:52:16,25634752,"2023-01","Ostrya virginiana",,,,,,"20070191*04",,,,,,"35","10",2023-10-13,
666,2023-10-13 14:52:40,2023-10-13 14:55:10,25634752,"2023-01","Quercus alba",,,,,,,,,"CC4955*02",,,"10","0",2023-10-13,
667,2023-10-15 23:35:54,2023-10-15 23:37:15,61355875,"2023-01","Fagus grandifolia/sylvatica",,,,"20130268*01",,,,,,,,"0","60",2023-10-02,
